"","week","year","Province","civil","milit","nomale","fsa","population","duration","civil_lag","milit_lag"
"1",12,2011," Aleppo",0,0,0,0,5927000,1,NA,NA
"2",13,2011," Aleppo",0,0,0,0,5927000,2,0,0
"3",14,2011," Aleppo",0,0,0,0,5927000,3,0,0
"4",15,2011," Aleppo",0,0,0,0,5927000,4,0,0
"5",16,2011," Aleppo",0,0,0,0,5927000,5,0,0
"6",17,2011," Aleppo",0,0,0,0,5927000,6,0,0
"7",18,2011," Aleppo",0,0,0,0,5927000,7,0,0
"8",19,2011," Aleppo",0,0,0,0,5927000,8,0,0
"9",20,2011," Aleppo",0,0,0,0,5927000,9,0,0
"10",21,2011," Aleppo",0,0,0,0,5927000,10,0,0
"11",22,2011," Aleppo",0,0,0,0,5927000,11,0,0
"12",23,2011," Aleppo",0,0,0,0,5927000,12,0,0
"13",24,2011," Aleppo",0,0,0,0,5927000,13,0,0
"14",25,2011," Aleppo",0,0,0,0,5927000,14,0,0
"15",26,2011," Aleppo",0,0,0,0,5927000,15,0,0
"16",27,2011," Aleppo",0,0,0,0,5927000,16,0,0
"17",28,2011," Aleppo",0,0,0,0,5927000,17,0,0
"18",29,2011," Aleppo",0,0,0,0,5927000,18,0,0
"19",30,2011," Aleppo",0,0,0,0,5927000,19,0,0
"20",31,2011," Aleppo",0,0,0,0,5927000,20,0,0
"21",32,2011," Aleppo",0,0,0,0,5927000,21,0,0
"22",33,2011," Aleppo",0,0,0,0,5927000,22,0,0
"23",34,2011," Aleppo",0,0,0,0,5927000,23,0,0
"24",35,2011," Aleppo",0,0,0,0,5927000,24,0,0
"25",36,2011," Aleppo",0,0,0,0,5927000,25,0,0
"26",37,2011," Aleppo",0,0,0,0,5927000,26,0,0
"27",38,2011," Aleppo",0,0,0,0,5927000,27,0,0
"28",39,2011," Aleppo",0,0,0,0,5927000,28,0,0
"29",40,2011," Aleppo",0,0,0,0,5927000,29,0,0
"30",41,2011," Aleppo",0,0,0,0,5927000,30,0,0
"31",42,2011," Aleppo",0,0,0,0,5927000,31,0,0
"32",43,2011," Aleppo",0,0,0,0,5927000,32,0,0
"33",44,2011," Aleppo",0,0,0,0,5927000,33,0,0
"34",45,2011," Aleppo",0,0,0,0,5927000,34,0,0
"35",46,2011," Aleppo",0,0,0,0,5927000,35,0,0
"36",47,2011," Aleppo",0,0,0,0,5927000,36,0,0
"37",48,2011," Aleppo",0,0,0,0,5927000,37,0,0
"38",49,2011," Aleppo",0,0,0,0,5927000,38,0,0
"39",50,2011," Aleppo",0,0,0,0,5927000,39,0,0
"40",51,2011," Aleppo",0,0,0,0,5927000,40,0,0
"41",52,2011," Aleppo",0,0,0,0,5927000,41,0,0
"42",53,2011," Aleppo",0,0,0,0,5927000,42,0,0
"43",1,2012," Aleppo",0,0,0,0,5927000,43,0,0
"44",2,2012," Aleppo",0,0,0,0,5927000,44,0,0
"45",3,2012," Aleppo",0,0,0,0,5927000,45,0,0
"46",4,2012," Aleppo",0,0,0,0,5927000,46,0,0
"47",5,2012," Aleppo",0,0,0,0,5927000,47,0,0
"48",6,2012," Aleppo",0,0,0,0,5927000,48,0,0
"49",7,2012," Aleppo",0,0,0,0,5927000,49,0,0
"50",8,2012," Aleppo",3,10,1,1,5927000,50,0,0
"51",9,2012," Aleppo",15,3,1,2,5927000,51,3,10
"52",10,2012," Aleppo",0,0,0,0,5927000,52,15,3
"53",11,2012," Aleppo",4,9,1,5,5927000,53,0,0
"54",12,2012," Aleppo",0,0,0,0,5927000,54,4,9
"55",13,2012," Aleppo",0,0,0,0,5927000,55,0,0
"56",14,2012," Aleppo",0,0,0,0,5927000,56,0,0
"57",15,2012," Aleppo",0,0,0,0,5927000,57,0,0
"58",16,2012," Aleppo",11,6,1,2,5927000,58,0,0
"59",17,2012," Aleppo",5,4,1,4,5927000,59,11,6
"60",18,2012," Aleppo",2,3,1,2,5927000,60,5,4
"61",19,2012," Aleppo",0,0,0,0,5927000,61,2,3
"62",20,2012," Aleppo",0,0,0,0,5927000,62,0,0
"63",21,2012," Aleppo",11,12,5,1,5927000,63,0,0
"64",22,2012," Aleppo",10,12,1,5,5927000,64,11,12
"65",23,2012," Aleppo",0,0,0,0,5927000,65,10,12
"66",24,2012," Aleppo",18,20,6,4,5927000,66,0,0
"67",25,2012," Aleppo",13,8,4,3,5927000,67,18,20
"68",26,2012," Aleppo",17,10,4,1,5927000,68,13,8
"69",27,2012," Aleppo",28,6,6,2,5927000,69,17,10
"70",28,2012," Aleppo",11,11,2,15,5927000,70,28,6
"71",29,2012," Aleppo",52,22,4,23,5927000,71,11,11
"72",30,2012," Aleppo",80,24,14,9,5927000,72,52,22
"73",31,2012," Aleppo",39,10,6,15,5927000,73,80,24
"74",31,2012," Aleppo",23,9,7,2,5927000,73,39,10
"75",32,2012," Aleppo",132,13,32,23,5927000,74,23,9
"76",33,2012," Aleppo",97,22,20,12,5927000,75,132,13
"77",34,2012," Aleppo",96,9,25,11,5927000,76,97,22
"78",35,2012," Aleppo",59,15,8,11,5927000,77,96,9
"79",36,2012," Aleppo",121,11,43,14,5927000,78,59,15
"80",37,2012," Aleppo",153,7,26,22,5927000,79,121,11
"81",38,2012," Aleppo",109,6,39,28,5927000,80,153,7
"82",39,2012," Aleppo",122,12,32,15,5927000,81,109,6
"83",40,2012," Aleppo",23,4,4,9,5927000,82,122,12
"84",40,2012," Aleppo",79,7,17,15,5927000,82,23,4
"85",41,2012," Aleppo",102,11,23,19,5927000,83,79,7
"86",42,2012," Aleppo",73,6,12,25,5927000,84,102,11
"87",43,2012," Aleppo",55,8,13,26,5927000,85,73,6
"88",44,2012," Aleppo",46,2,17,14,5927000,86,55,8
"89",44,2012," Aleppo",37,4,3,5,5927000,86,46,2
"90",45,2012," Aleppo",63,9,11,29,5927000,87,37,4
"91",46,2012," Aleppo",37,14,5,26,5927000,88,63,9
"92",47,2012," Aleppo",59,6,14,29,5927000,89,37,14
"93",48,2012," Aleppo",60,9,20,24,5927000,90,59,6
"94",12,2011," Damascus",0,0,0,0,1780000,1,NA,NA
"95",13,2011," Damascus",0,0,0,0,1780000,2,0,0
"96",14,2011," Damascus",0,0,0,0,1780000,3,0,0
"97",15,2011," Damascus",0,0,0,0,1780000,4,0,0
"98",16,2011," Damascus",0,0,0,0,1780000,5,0,0
"99",17,2011," Damascus",0,0,0,0,1780000,6,0,0
"100",18,2011," Damascus",0,0,0,0,1780000,7,0,0
"101",19,2011," Damascus",0,0,0,0,1780000,8,0,0
"102",20,2011," Damascus",0,0,0,0,1780000,9,0,0
"103",21,2011," Damascus",0,0,0,0,1780000,10,0,0
"104",22,2011," Damascus",0,0,0,0,1780000,11,0,0
"105",23,2011," Damascus",0,0,0,0,1780000,12,0,0
"106",24,2011," Damascus",0,0,0,0,1780000,13,0,0
"107",25,2011," Damascus",0,0,0,0,1780000,14,0,0
"108",26,2011," Damascus",0,0,0,0,1780000,15,0,0
"109",27,2011," Damascus",0,0,0,0,1780000,16,0,0
"110",28,2011," Damascus",0,0,0,0,1780000,17,0,0
"111",29,2011," Damascus",0,0,0,0,1780000,18,0,0
"112",30,2011," Damascus",0,0,0,0,1780000,19,0,0
"113",31,2011," Damascus",0,0,0,0,1780000,20,0,0
"114",32,2011," Damascus",0,0,0,0,1780000,21,0,0
"115",33,2011," Damascus",0,0,0,0,1780000,22,0,0
"116",34,2011," Damascus",0,0,0,0,1780000,23,0,0
"117",35,2011," Damascus",0,0,0,0,1780000,24,0,0
"118",36,2011," Damascus",0,0,0,0,1780000,25,0,0
"119",37,2011," Damascus",0,0,0,0,1780000,26,0,0
"120",38,2011," Damascus",0,0,0,0,1780000,27,0,0
"121",39,2011," Damascus",0,0,0,0,1780000,28,0,0
"122",40,2011," Damascus",0,0,0,0,1780000,29,0,0
"123",41,2011," Damascus",0,0,0,0,1780000,30,0,0
"124",42,2011," Damascus",0,0,0,0,1780000,31,0,0
"125",43,2011," Damascus",0,0,0,0,1780000,32,0,0
"126",44,2011," Damascus",0,0,0,0,1780000,33,0,0
"127",45,2011," Damascus",0,0,0,0,1780000,34,0,0
"128",46,2011," Damascus",0,0,0,0,1780000,35,0,0
"129",47,2011," Damascus",0,0,0,0,1780000,36,0,0
"130",48,2011," Damascus",0,0,0,0,1780000,37,0,0
"131",49,2011," Damascus",0,0,0,0,1780000,38,0,0
"132",50,2011," Damascus",0,0,0,0,1780000,39,0,0
"133",51,2011," Damascus",0,0,0,0,1780000,40,0,0
"134",52,2011," Damascus",0,0,0,0,1780000,41,0,0
"135",53,2011," Damascus",0,0,0,0,1780000,42,0,0
"136",1,2012," Damascus",0,0,0,0,1780000,43,0,0
"137",2,2012," Damascus",0,0,0,0,1780000,44,0,0
"138",3,2012," Damascus",0,0,0,0,1780000,45,0,0
"139",4,2012," Damascus",0,0,0,0,1780000,46,0,0
"140",5,2012," Damascus",0,0,0,0,1780000,47,0,0
"141",6,2012," Damascus",0,0,0,0,1780000,48,0,0
"142",7,2012," Damascus",0,0,0,0,1780000,49,0,0
"143",8,2012," Damascus",0,0,0,0,1780000,50,0,0
"144",9,2012," Damascus",0,0,0,0,1780000,51,0,0
"145",10,2012," Damascus",0,0,0,0,1780000,52,0,0
"146",11,2012," Damascus",0,0,0,0,1780000,53,0,0
"147",12,2012," Damascus",0,0,0,0,1780000,54,0,0
"148",13,2012," Damascus",0,0,0,0,1780000,55,0,0
"149",14,2012," Damascus",0,0,0,0,1780000,56,0,0
"150",15,2012," Damascus",0,0,0,0,1780000,57,0,0
"151",16,2012," Damascus",0,0,0,0,1780000,58,0,0
"152",17,2012," Damascus",5,2,1,1,1780000,59,0,0
"153",18,2012," Damascus",0,0,0,0,1780000,60,5,2
"154",19,2012," Damascus",0,0,0,0,1780000,61,0,0
"155",20,2012," Damascus",0,0,0,0,1780000,62,0,0
"156",21,2012," Damascus",2,3,1,1,1780000,63,0,0
"157",22,2012," Damascus",0,0,0,0,1780000,64,2,3
"158",23,2012," Damascus",0,0,0,0,1780000,65,0,0
"159",24,2012," Damascus",0,0,0,0,1780000,66,0,0
"160",25,2012," Damascus",4,3,1,1,1780000,67,0,0
"161",26,2012," Damascus",7,2,1,2,1780000,68,4,3
"162",27,2012," Damascus",6,4,1,2,1780000,69,7,2
"163",28,2012," Damascus",12,2,3,4,1780000,70,6,4
"164",29,2012," Damascus",63,10,9,12,1780000,71,12,2
"165",30,2012," Damascus",92,2,4,10,1780000,72,63,10
"166",31,2012," Damascus",18,2,3,3,1780000,73,92,2
"167",31,2012," Damascus",19,1,1,2,1780000,73,18,2
"168",32,2012," Damascus",48,3,3,6,1780000,74,19,1
"169",33,2012," Damascus",34,5,4,4,1780000,75,48,3
"170",34,2012," Damascus",69,1,2,5,1780000,76,34,5
"171",35,2012," Damascus",73,1,12,4,1780000,77,69,1
"172",36,2012," Damascus",37,3,5,5,1780000,78,73,1
"173",37,2012," Damascus",52,3,2,8,1780000,79,37,3
"174",38,2012," Damascus",0,0,0,0,1780000,80,52,3
"175",39,2012," Damascus",66,2,8,4,1780000,81,0,0
"176",40,2012," Damascus",0,0,0,0,1780000,82,66,2
"177",41,2012," Damascus",20,3,3,2,1780000,83,0,0
"178",42,2012," Damascus",15,2,3,4,1780000,84,20,3
"179",43,2012," Damascus",0,0,0,0,1780000,85,15,2
"180",44,2012," Damascus",0,0,0,0,1780000,86,0,0
"181",45,2012," Damascus",41,1,6,4,1780000,87,0,0
"182",46,2012," Damascus",0,0,0,0,1780000,88,41,1
"183",47,2012," Damascus",0,0,0,0,1780000,89,0,0
"184",48,2012," Damascus",0,0,0,0,1780000,90,0,0
"185",12,2011," Damascus Suburbs",0,0,0,0,1877000,1,NA,NA
"186",13,2011," Damascus Suburbs",0,0,0,0,1877000,2,0,0
"187",14,2011," Damascus Suburbs",0,0,0,0,1877000,3,0,0
"188",15,2011," Damascus Suburbs",0,0,0,0,1877000,4,0,0
"189",16,2011," Damascus Suburbs",0,0,0,0,1877000,5,0,0
"190",17,2011," Damascus Suburbs",0,0,0,0,1877000,6,0,0
"191",18,2011," Damascus Suburbs",0,0,0,0,1877000,7,0,0
"192",19,2011," Damascus Suburbs",0,0,0,0,1877000,8,0,0
"193",20,2011," Damascus Suburbs",0,0,0,0,1877000,9,0,0
"194",21,2011," Damascus Suburbs",0,0,0,0,1877000,10,0,0
"195",22,2011," Damascus Suburbs",0,0,0,0,1877000,11,0,0
"196",23,2011," Damascus Suburbs",0,0,0,0,1877000,12,0,0
"197",24,2011," Damascus Suburbs",0,0,0,0,1877000,13,0,0
"198",25,2011," Damascus Suburbs",0,0,0,0,1877000,14,0,0
"199",26,2011," Damascus Suburbs",0,0,0,0,1877000,15,0,0
"200",27,2011," Damascus Suburbs",0,0,0,0,1877000,16,0,0
"201",28,2011," Damascus Suburbs",0,0,0,0,1877000,17,0,0
"202",29,2011," Damascus Suburbs",0,0,0,0,1877000,18,0,0
"203",30,2011," Damascus Suburbs",0,0,0,0,1877000,19,0,0
"204",31,2011," Damascus Suburbs",0,0,0,0,1877000,20,0,0
"205",32,2011," Damascus Suburbs",0,0,0,0,1877000,21,0,0
"206",33,2011," Damascus Suburbs",0,0,0,0,1877000,22,0,0
"207",34,2011," Damascus Suburbs",0,0,0,0,1877000,23,0,0
"208",35,2011," Damascus Suburbs",0,0,0,0,1877000,24,0,0
"209",36,2011," Damascus Suburbs",0,0,0,0,1877000,25,0,0
"210",37,2011," Damascus Suburbs",0,0,0,0,1877000,26,0,0
"211",38,2011," Damascus Suburbs",7,1,1,1,1877000,27,0,0
"212",39,2011," Damascus Suburbs",0,0,0,0,1877000,28,7,1
"213",40,2011," Damascus Suburbs",0,0,0,0,1877000,29,0,0
"214",41,2011," Damascus Suburbs",0,0,0,0,1877000,30,0,0
"215",42,2011," Damascus Suburbs",0,0,0,0,1877000,31,0,0
"216",43,2011," Damascus Suburbs",0,0,0,0,1877000,32,0,0
"217",44,2011," Damascus Suburbs",0,0,0,0,1877000,33,0,0
"218",45,2011," Damascus Suburbs",0,0,0,0,1877000,34,0,0
"219",46,2011," Damascus Suburbs",0,0,0,0,1877000,35,0,0
"220",47,2011," Damascus Suburbs",0,0,0,0,1877000,36,0,0
"221",48,2011," Damascus Suburbs",14,1,3,1,1877000,37,0,0
"222",49,2011," Damascus Suburbs",0,0,0,0,1877000,38,14,1
"223",50,2011," Damascus Suburbs",0,0,0,0,1877000,39,0,0
"224",51,2011," Damascus Suburbs",3,4,1,3,1877000,40,0,0
"225",52,2011," Damascus Suburbs",11,3,3,3,1877000,41,3,4
"226",53,2011," Damascus Suburbs",0,0,0,0,1877000,42,11,3
"227",1,2012," Damascus Suburbs",0,0,0,0,1877000,43,0,0
"228",2,2012," Damascus Suburbs",6,1,2,3,1877000,44,0,0
"229",3,2012," Damascus Suburbs",11,2,1,3,1877000,45,6,1
"230",4,2012," Damascus Suburbs",0,0,0,0,1877000,46,11,2
"231",5,2012," Damascus Suburbs",18,3,3,1,1877000,47,0,0
"232",6,2012," Damascus Suburbs",25,7,6,12,1877000,48,18,3
"233",7,2012," Damascus Suburbs",8,2,2,3,1877000,49,25,7
"234",8,2012," Damascus Suburbs",0,0,0,0,1877000,50,8,2
"235",9,2012," Damascus Suburbs",0,0,0,0,1877000,51,0,0
"236",10,2012," Damascus Suburbs",10,1,2,7,1877000,52,0,0
"237",11,2012," Damascus Suburbs",0,0,0,0,1877000,53,10,1
"238",12,2012," Damascus Suburbs",0,0,0,0,1877000,54,0,0
"239",13,2012," Damascus Suburbs",9,3,4,2,1877000,55,0,0
"240",14,2012," Damascus Suburbs",0,0,0,0,1877000,56,9,3
"241",15,2012," Damascus Suburbs",10,3,2,4,1877000,57,0,0
"242",16,2012," Damascus Suburbs",6,3,3,2,1877000,58,10,3
"243",17,2012," Damascus Suburbs",15,2,3,5,1877000,59,6,3
"244",18,2012," Damascus Suburbs",0,0,0,0,1877000,60,15,2
"245",19,2012," Damascus Suburbs",11,2,1,4,1877000,61,0,0
"246",20,2012," Damascus Suburbs",12,1,2,7,1877000,62,11,2
"247",21,2012," Damascus Suburbs",9,1,3,2,1877000,63,12,1
"248",22,2012," Damascus Suburbs",23,1,6,2,1877000,64,9,1
"249",23,2012," Damascus Suburbs",19,2,2,6,1877000,65,23,1
"250",24,2012," Damascus Suburbs",30,12,3,1,1877000,66,19,2
"251",25,2012," Damascus Suburbs",55,4,14,11,1877000,67,30,12
"252",26,2012," Damascus Suburbs",68,14,13,20,1877000,68,55,4
"253",27,2012," Damascus Suburbs",55,4,12,11,1877000,69,68,14
"254",28,2012," Damascus Suburbs",25,3,3,10,1877000,70,55,4
"255",29,2012," Damascus Suburbs",138,10,18,22,1877000,71,25,3
"256",30,2012," Damascus Suburbs",65,4,14,15,1877000,72,138,10
"257",31,2012," Damascus Suburbs",48,5,10,7,1877000,73,65,4
"258",32,2012," Damascus Suburbs",119,4,20,22,1877000,74,48,5
"259",33,2012," Damascus Suburbs",126,5,14,7,1877000,75,119,4
"260",34,2012," Damascus Suburbs",184,3,39,16,1877000,76,126,5
"261",35,2012," Damascus Suburbs",261,3,39,21,1877000,77,184,3
"262",36,2012," Damascus Suburbs",145,1,7,29,1877000,78,261,3
"263",37,2012," Damascus Suburbs",104,3,10,10,1877000,79,145,1
"264",38,2012," Damascus Suburbs",72,1,6,10,1877000,80,104,3
"265",39,2012," Damascus Suburbs",111,4,20,8,1877000,81,72,1
"266",40,2012," Damascus Suburbs",50,1,8,1,1877000,82,111,4
"267",40,2012," Damascus Suburbs",98,1,18,14,1877000,82,50,1
"268",41,2012," Damascus Suburbs",112,1,9,13,1877000,83,98,1
"269",42,2012," Damascus Suburbs",101,5,21,20,1877000,84,112,1
"270",43,2012," Damascus Suburbs",149,3,37,35,1877000,85,101,5
"271",44,2012," Damascus Suburbs",98,2,22,20,1877000,86,149,3
"272",45,2012," Damascus Suburbs",165,3,33,22,1877000,87,98,2
"273",46,2012," Damascus Suburbs",124,8,36,20,1877000,88,165,3
"274",47,2012," Damascus Suburbs",0,0,0,0,1877000,89,124,8
"275",48,2012," Damascus Suburbs",130,5,34,33,1877000,90,0,0
"276",12,2011," Daraa",0,0,0,0,1126000,1,NA,NA
"277",13,2011," Daraa",0,0,0,0,1126000,2,0,0
"278",14,2011," Daraa",0,0,0,0,1126000,3,0,0
"279",15,2011," Daraa",0,0,0,0,1126000,4,0,0
"280",16,2011," Daraa",0,0,0,0,1126000,5,0,0
"281",17,2011," Daraa",0,0,0,0,1126000,6,0,0
"282",18,2011," Daraa",0,0,0,0,1126000,7,0,0
"283",19,2011," Daraa",0,0,0,0,1126000,8,0,0
"284",20,2011," Daraa",0,0,0,0,1126000,9,0,0
"285",21,2011," Daraa",0,0,0,0,1126000,10,0,0
"286",22,2011," Daraa",0,0,0,0,1126000,11,0,0
"287",23,2011," Daraa",0,0,0,0,1126000,12,0,0
"288",24,2011," Daraa",0,0,0,0,1126000,13,0,0
"289",25,2011," Daraa",0,0,0,0,1126000,14,0,0
"290",26,2011," Daraa",0,0,0,0,1126000,15,0,0
"291",27,2011," Daraa",0,0,0,0,1126000,16,0,0
"292",28,2011," Daraa",0,0,0,0,1126000,17,0,0
"293",29,2011," Daraa",0,0,0,0,1126000,18,0,0
"294",30,2011," Daraa",0,0,0,0,1126000,19,0,0
"295",31,2011," Daraa",0,0,0,0,1126000,20,0,0
"296",32,2011," Daraa",0,0,0,0,1126000,21,0,0
"297",33,2011," Daraa",0,0,0,0,1126000,22,0,0
"298",34,2011," Daraa",0,0,0,0,1126000,23,0,0
"299",35,2011," Daraa",0,0,0,0,1126000,24,0,0
"300",36,2011," Daraa",0,0,0,0,1126000,25,0,0
"301",37,2011," Daraa",0,0,0,0,1126000,26,0,0
"302",38,2011," Daraa",6,1,1,1,1126000,27,0,0
"303",39,2011," Daraa",0,0,0,0,1126000,28,6,1
"304",40,2011," Daraa",0,0,0,0,1126000,29,0,0
"305",41,2011," Daraa",0,0,0,0,1126000,30,0,0
"306",42,2011," Daraa",0,0,0,0,1126000,31,0,0
"307",43,2011," Daraa",7,2,1,1,1126000,32,0,0
"308",44,2011," Daraa",0,0,0,0,1126000,33,7,2
"309",45,2011," Daraa",0,0,0,0,1126000,34,0,0
"310",46,2011," Daraa",0,0,0,0,1126000,35,0,0
"311",47,2011," Daraa",0,0,0,0,1126000,36,0,0
"312",48,2011," Daraa",0,0,0,0,1126000,37,0,0
"313",49,2011," Daraa",0,0,0,0,1126000,38,0,0
"314",50,2011," Daraa",6,1,1,4,1126000,39,0,0
"315",51,2011," Daraa",15,1,5,2,1126000,40,6,1
"316",52,2011," Daraa",0,0,0,0,1126000,41,15,1
"317",53,2011," Daraa",0,0,0,0,1126000,42,0,0
"318",1,2012," Daraa",0,0,0,0,1126000,43,0,0
"319",2,2012," Daraa",0,0,0,0,1126000,44,0,0
"320",3,2012," Daraa",0,0,0,0,1126000,45,0,0
"321",4,2012," Daraa",4,1,1,2,1126000,46,0,0
"322",5,2012," Daraa",0,0,0,0,1126000,47,4,1
"323",6,2012," Daraa",8,5,1,6,1126000,48,0,0
"324",7,2012," Daraa",14,4,3,9,1126000,49,8,5
"325",8,2012," Daraa",0,0,0,0,1126000,50,14,4
"326",9,2012," Daraa",10,1,2,2,1126000,51,0,0
"327",10,2012," Daraa",9,2,2,7,1126000,52,10,1
"328",11,2012," Daraa",16,1,3,5,1126000,53,9,2
"329",12,2012," Daraa",0,0,0,0,1126000,54,16,1
"330",13,2012," Daraa",14,1,1,6,1126000,55,0,0
"331",14,2012," Daraa",0,0,0,0,1126000,56,14,1
"332",15,2012," Daraa",0,0,0,0,1126000,57,0,0
"333",16,2012," Daraa",0,0,0,0,1126000,58,0,0
"334",17,2012," Daraa",8,3,2,1,1126000,59,0,0
"335",18,2012," Daraa",0,0,0,0,1126000,60,8,3
"336",19,2012," Daraa",0,0,0,0,1126000,61,0,0
"337",20,2012," Daraa",12,2,4,2,1126000,62,0,0
"338",21,2012," Daraa",7,1,3,5,1126000,63,12,2
"339",22,2012," Daraa",8,2,1,6,1126000,64,7,1
"340",23,2012," Daraa",0,0,0,0,1126000,65,8,2
"341",24,2012," Daraa",22,2,6,9,1126000,66,0,0
"342",25,2012," Daraa",24,3,5,10,1126000,67,22,2
"343",26,2012," Daraa",30,8,6,16,1126000,68,24,3
"344",27,2012," Daraa",0,0,0,0,1126000,69,30,8
"345",28,2012," Daraa",0,0,0,0,1126000,70,0,0
"346",29,2012," Daraa",0,0,0,0,1126000,71,0,0
"347",30,2012," Daraa",38,1,11,18,1126000,72,0,0
"348",31,2012," Daraa",38,1,3,3,1126000,73,38,1
"349",31,2012," Daraa",31,2,7,3,1126000,73,38,1
"350",32,2012," Daraa",35,1,6,6,1126000,74,31,2
"351",33,2012," Daraa",0,0,0,0,1126000,75,35,1
"352",34,2012," Daraa",64,1,13,19,1126000,76,0,0
"353",35,2012," Daraa",76,4,19,9,1126000,77,64,1
"354",36,2012," Daraa",33,2,4,12,1126000,78,76,4
"355",37,2012," Daraa",46,1,12,8,1126000,79,33,2
"356",38,2012," Daraa",0,0,0,0,1126000,80,46,1
"357",39,2012," Daraa",35,1,5,13,1126000,81,0,0
"358",40,2012," Daraa",0,0,0,0,1126000,82,35,1
"359",41,2012," Daraa",0,0,0,0,1126000,83,0,0
"360",42,2012," Daraa",27,1,2,8,1126000,84,0,0
"361",43,2012," Daraa",0,0,0,0,1126000,85,27,1
"362",44,2012," Daraa",10,2,2,1,1126000,86,0,0
"363",45,2012," Daraa",28,1,8,12,1126000,87,10,2
"364",46,2012," Daraa",24,2,7,6,1126000,88,28,1
"365",47,2012," Daraa",0,0,0,0,1126000,89,24,2
"366",48,2012," Daraa",32,1,10,8,1126000,90,0,0
"367",12,2011," Deir Ezzor",0,0,0,0,1692000,1,NA,NA
"368",13,2011," Deir Ezzor",0,0,0,0,1692000,2,0,0
"369",14,2011," Deir Ezzor",0,0,0,0,1692000,3,0,0
"370",15,2011," Deir Ezzor",0,0,0,0,1692000,4,0,0
"371",16,2011," Deir Ezzor",0,0,0,0,1692000,5,0,0
"372",17,2011," Deir Ezzor",0,0,0,0,1692000,6,0,0
"373",18,2011," Deir Ezzor",0,0,0,0,1692000,7,0,0
"374",19,2011," Deir Ezzor",0,0,0,0,1692000,8,0,0
"375",20,2011," Deir Ezzor",0,0,0,0,1692000,9,0,0
"376",21,2011," Deir Ezzor",0,0,0,0,1692000,10,0,0
"377",22,2011," Deir Ezzor",0,0,0,0,1692000,11,0,0
"378",23,2011," Deir Ezzor",0,0,0,0,1692000,12,0,0
"379",24,2011," Deir Ezzor",0,0,0,0,1692000,13,0,0
"380",25,2011," Deir Ezzor",0,0,0,0,1692000,14,0,0
"381",26,2011," Deir Ezzor",0,0,0,0,1692000,15,0,0
"382",27,2011," Deir Ezzor",0,0,0,0,1692000,16,0,0
"383",28,2011," Deir Ezzor",0,0,0,0,1692000,17,0,0
"384",29,2011," Deir Ezzor",0,0,0,0,1692000,18,0,0
"385",30,2011," Deir Ezzor",0,0,0,0,1692000,19,0,0
"386",31,2011," Deir Ezzor",0,0,0,0,1692000,20,0,0
"387",32,2011," Deir Ezzor",0,0,0,0,1692000,21,0,0
"388",33,2011," Deir Ezzor",0,0,0,0,1692000,22,0,0
"389",34,2011," Deir Ezzor",0,0,0,0,1692000,23,0,0
"390",35,2011," Deir Ezzor",0,0,0,0,1692000,24,0,0
"391",36,2011," Deir Ezzor",0,0,0,0,1692000,25,0,0
"392",37,2011," Deir Ezzor",0,0,0,0,1692000,26,0,0
"393",38,2011," Deir Ezzor",0,0,0,0,1692000,27,0,0
"394",39,2011," Deir Ezzor",0,0,0,0,1692000,28,0,0
"395",40,2011," Deir Ezzor",0,0,0,0,1692000,29,0,0
"396",41,2011," Deir Ezzor",0,0,0,0,1692000,30,0,0
"397",42,2011," Deir Ezzor",0,0,0,0,1692000,31,0,0
"398",43,2011," Deir Ezzor",0,0,0,0,1692000,32,0,0
"399",44,2011," Deir Ezzor",0,0,0,0,1692000,33,0,0
"400",45,2011," Deir Ezzor",0,0,0,0,1692000,34,0,0
"401",46,2011," Deir Ezzor",0,0,0,0,1692000,35,0,0
"402",47,2011," Deir Ezzor",0,0,0,0,1692000,36,0,0
"403",48,2011," Deir Ezzor",0,0,0,0,1692000,37,0,0
"404",49,2011," Deir Ezzor",0,0,0,0,1692000,38,0,0
"405",50,2011," Deir Ezzor",0,0,0,0,1692000,39,0,0
"406",51,2011," Deir Ezzor",0,0,0,0,1692000,40,0,0
"407",52,2011," Deir Ezzor",0,0,0,0,1692000,41,0,0
"408",53,2011," Deir Ezzor",0,0,0,0,1692000,42,0,0
"409",1,2012," Deir Ezzor",0,0,0,0,1692000,43,0,0
"410",2,2012," Deir Ezzor",0,0,0,0,1692000,44,0,0
"411",3,2012," Deir Ezzor",0,0,0,0,1692000,45,0,0
"412",4,2012," Deir Ezzor",0,0,0,0,1692000,46,0,0
"413",5,2012," Deir Ezzor",0,0,0,0,1692000,47,0,0
"414",6,2012," Deir Ezzor",0,0,0,0,1692000,48,0,0
"415",7,2012," Deir Ezzor",8,2,1,1,1692000,49,0,0
"416",8,2012," Deir Ezzor",4,3,1,1,1692000,50,8,2
"417",9,2012," Deir Ezzor",3,4,1,1,1692000,51,4,3
"418",10,2012," Deir Ezzor",0,0,0,0,1692000,52,3,4
"419",11,2012," Deir Ezzor",0,0,0,0,1692000,53,0,0
"420",12,2012," Deir Ezzor",5,3,1,10,1692000,54,0,0
"421",13,2012," Deir Ezzor",6,3,1,2,1692000,55,5,3
"422",14,2012," Deir Ezzor",0,0,0,0,1692000,56,6,3
"423",15,2012," Deir Ezzor",0,0,0,0,1692000,57,0,0
"424",16,2012," Deir Ezzor",5,1,1,2,1692000,58,0,0
"425",17,2012," Deir Ezzor",10,2,2,2,1692000,59,5,1
"426",18,2012," Deir Ezzor",0,0,0,0,1692000,60,10,2
"427",19,2012," Deir Ezzor",0,0,0,0,1692000,61,0,0
"428",20,2012," Deir Ezzor",0,0,0,0,1692000,62,0,0
"429",21,2012," Deir Ezzor",0,0,0,0,1692000,63,0,0
"430",22,2012," Deir Ezzor",0,0,0,0,1692000,64,0,0
"431",23,2012," Deir Ezzor",0,0,0,0,1692000,65,0,0
"432",24,2012," Deir Ezzor",26,7,7,1,1692000,66,0,0
"433",25,2012," Deir Ezzor",24,6,4,5,1692000,67,26,7
"434",26,2012," Deir Ezzor",57,11,14,8,1692000,68,24,6
"435",27,2012," Deir Ezzor",4,1,2,3,1692000,69,57,11
"436",27,2012," Deir Ezzor",18,1,2,8,1692000,69,4,1
"437",28,2012," Deir Ezzor",36,2,8,7,1692000,70,18,1
"438",29,2012," Deir Ezzor",44,5,19,6,1692000,71,36,2
"439",30,2012," Deir Ezzor",33,9,10,11,1692000,72,44,5
"440",31,2012," Deir Ezzor",11,1,3,8,1692000,73,33,9
"441",31,2012," Deir Ezzor",21,1,7,9,1692000,73,11,1
"442",32,2012," Deir Ezzor",37,1,15,14,1692000,74,21,1
"443",33,2012," Deir Ezzor",24,3,6,5,1692000,75,37,1
"444",34,2012," Deir Ezzor",46,2,17,9,1692000,76,24,3
"445",35,2012," Deir Ezzor",39,2,7,1,1692000,77,46,2
"446",36,2012," Deir Ezzor",46,1,16,16,1692000,78,39,2
"447",37,2012," Deir Ezzor",38,3,11,7,1692000,79,46,1
"448",38,2012," Deir Ezzor",27,1,16,3,1692000,80,38,3
"449",39,2012," Deir Ezzor",83,1,7,15,1692000,81,27,1
"450",40,2012," Deir Ezzor",0,0,0,0,1692000,82,83,1
"451",41,2012," Deir Ezzor",32,2,4,10,1692000,83,0,0
"452",42,2012," Deir Ezzor",49,1,23,10,1692000,84,32,2
"453",43,2012," Deir Ezzor",0,0,0,0,1692000,85,49,1
"454",44,2012," Deir Ezzor",6,2,3,10,1692000,86,0,0
"455",45,2012," Deir Ezzor",20,4,13,16,1692000,87,6,2
"456",46,2012," Deir Ezzor",14,1,4,13,1692000,88,20,4
"457",47,2012," Deir Ezzor",0,0,0,0,1692000,89,14,1
"458",48,2012," Deir Ezzor",0,0,0,0,1692000,90,0,0
"459",12,2011," Hama",0,0,0,0,2113000,1,NA,NA
"460",13,2011," Hama",0,0,0,0,2113000,2,0,0
"461",14,2011," Hama",0,0,0,0,2113000,3,0,0
"462",15,2011," Hama",0,0,0,0,2113000,4,0,0
"463",16,2011," Hama",0,0,0,0,2113000,5,0,0
"464",17,2011," Hama",7,8,2,1,2113000,6,0,0
"465",18,2011," Hama",0,0,0,0,2113000,7,7,8
"466",19,2011," Hama",0,0,0,0,2113000,8,0,0
"467",20,2011," Hama",0,0,0,0,2113000,9,0,0
"468",21,2011," Hama",0,0,0,0,2113000,10,0,0
"469",22,2011," Hama",0,0,0,0,2113000,11,0,0
"470",23,2011," Hama",0,0,0,0,2113000,12,0,0
"471",24,2011," Hama",0,0,0,0,2113000,13,0,0
"472",25,2011," Hama",0,0,0,0,2113000,14,0,0
"473",26,2011," Hama",0,0,0,0,2113000,15,0,0
"474",27,2011," Hama",0,0,0,0,2113000,16,0,0
"475",28,2011," Hama",0,0,0,0,2113000,17,0,0
"476",29,2011," Hama",0,0,0,0,2113000,18,0,0
"477",30,2011," Hama",0,0,0,0,2113000,19,0,0
"478",31,2011," Hama",0,0,0,0,2113000,20,0,0
"479",32,2011," Hama",0,0,0,0,2113000,21,0,0
"480",33,2011," Hama",0,0,0,0,2113000,22,0,0
"481",34,2011," Hama",0,0,0,0,2113000,23,0,0
"482",35,2011," Hama",0,0,0,0,2113000,24,0,0
"483",36,2011," Hama",0,0,0,0,2113000,25,0,0
"484",37,2011," Hama",0,0,0,0,2113000,26,0,0
"485",38,2011," Hama",0,0,0,0,2113000,27,0,0
"486",39,2011," Hama",9,2,2,2,2113000,28,0,0
"487",40,2011," Hama",0,0,0,0,2113000,29,9,2
"488",41,2011," Hama",0,0,0,0,2113000,30,0,0
"489",42,2011," Hama",0,0,0,0,2113000,31,0,0
"490",43,2011," Hama",0,0,0,0,2113000,32,0,0
"491",44,2011," Hama",0,0,0,0,2113000,33,0,0
"492",45,2011," Hama",0,0,0,0,2113000,34,0,0
"493",46,2011," Hama",17,5,2,1,2113000,35,0,0
"494",47,2011," Hama",0,0,0,0,2113000,36,17,5
"495",48,2011," Hama",7,11,1,1,2113000,37,0,0
"496",49,2011," Hama",0,0,0,0,2113000,38,7,11
"497",50,2011," Hama",17,11,3,4,2113000,39,0,0
"498",51,2011," Hama",4,2,1,2,2113000,40,17,11
"499",52,2011," Hama",10,6,3,2,2113000,41,4,2
"500",53,2011," Hama",0,0,0,0,2113000,42,10,6
"501",1,2012," Hama",9,6,3,1,2113000,43,0,0
"502",2,2012," Hama",0,0,0,0,2113000,44,9,6
"503",3,2012," Hama",0,0,0,0,2113000,45,0,0
"504",4,2012," Hama",7,10,2,4,2113000,46,0,0
"505",5,2012," Hama",0,0,0,0,2113000,47,7,10
"506",6,2012," Hama",0,0,0,0,2113000,48,0,0
"507",7,2012," Hama",0,0,0,0,2113000,49,0,0
"508",8,2012," Hama",25,11,7,1,2113000,50,0,0
"509",9,2012," Hama",9,2,1,2,2113000,51,25,11
"510",10,2012," Hama",0,0,0,0,2113000,52,9,2
"511",11,2012," Hama",12,7,3,2,2113000,53,0,0
"512",12,2012," Hama",13,11,5,5,2113000,54,12,7
"513",13,2012," Hama",16,4,2,1,2113000,55,13,11
"514",14,2012," Hama",16,4,3,7,2113000,56,16,4
"515",15,2012," Hama",49,7,9,2,2113000,57,16,4
"516",16,2012," Hama",0,0,0,0,2113000,58,49,7
"517",17,2012," Hama",33,4,7,1,2113000,59,0,0
"518",18,2012," Hama",9,4,1,1,2113000,60,33,4
"519",19,2012," Hama",7,7,1,1,2113000,61,9,4
"520",20,2012," Hama",11,6,4,5,2113000,62,7,7
"521",21,2012," Hama",32,9,11,4,2113000,63,11,6
"522",22,2012," Hama",27,11,12,2,2113000,64,32,9
"523",23,2012," Hama",36,14,6,1,2113000,65,27,11
"524",24,2012," Hama",10,12,2,1,2113000,66,36,14
"525",25,2012," Hama",0,0,0,0,2113000,67,10,12
"526",26,2012," Hama",4,22,2,4,2113000,68,0,0
"527",27,2012," Hama",12,8,3,1,2113000,69,4,22
"528",28,2012," Hama",53,9,7,2,2113000,70,12,8
"529",29,2012," Hama",43,19,14,9,2113000,71,53,9
"530",30,2012," Hama",27,17,5,7,2113000,72,43,19
"531",31,2012," Hama",22,5,5,2,2113000,73,27,17
"532",31,2012," Hama",10,8,3,2,2113000,73,22,5
"533",32,2012," Hama",24,10,7,6,2113000,74,10,8
"534",33,2012," Hama",13,12,6,2,2113000,75,24,10
"535",34,2012," Hama",13,11,1,5,2113000,76,13,12
"536",35,2012," Hama",33,19,7,7,2113000,77,13,11
"537",36,2012," Hama",27,7,1,7,2113000,78,33,19
"538",37,2012," Hama",27,8,8,6,2113000,79,27,7
"539",38,2012," Hama",25,9,7,4,2113000,80,27,8
"540",39,2012," Hama",39,8,2,9,2113000,81,25,9
"541",40,2012," Hama",15,13,6,3,2113000,82,39,8
"542",41,2012," Hama",13,13,1,11,2113000,83,15,13
"543",42,2012," Hama",12,9,1,9,2113000,84,13,13
"544",43,2012," Hama",10,10,4,2,2113000,85,12,9
"545",44,2012," Hama",6,4,2,5,2113000,86,10,10
"546",45,2012," Hama",0,0,0,0,2113000,87,6,4
"547",46,2012," Hama",0,0,0,0,2113000,88,0,0
"548",47,2012," Hama",10,10,3,5,2113000,89,0,0
"549",48,2012," Hama",7,18,2,9,2113000,90,10,10
"550",12,2011," Hasakeh",0,0,0,0,1604000,1,NA,NA
"551",13,2011," Hasakeh",0,0,0,0,1604000,2,0,0
"552",14,2011," Hasakeh",0,0,0,0,1604000,3,0,0
"553",15,2011," Hasakeh",0,0,0,0,1604000,4,0,0
"554",16,2011," Hasakeh",0,0,0,0,1604000,5,0,0
"555",17,2011," Hasakeh",0,0,0,0,1604000,6,0,0
"556",18,2011," Hasakeh",0,0,0,0,1604000,7,0,0
"557",19,2011," Hasakeh",0,0,0,0,1604000,8,0,0
"558",20,2011," Hasakeh",0,0,0,0,1604000,9,0,0
"559",21,2011," Hasakeh",0,0,0,0,1604000,10,0,0
"560",22,2011," Hasakeh",0,0,0,0,1604000,11,0,0
"561",23,2011," Hasakeh",0,0,0,0,1604000,12,0,0
"562",24,2011," Hasakeh",0,0,0,0,1604000,13,0,0
"563",25,2011," Hasakeh",0,0,0,0,1604000,14,0,0
"564",26,2011," Hasakeh",0,0,0,0,1604000,15,0,0
"565",27,2011," Hasakeh",0,0,0,0,1604000,16,0,0
"566",28,2011," Hasakeh",0,0,0,0,1604000,17,0,0
"567",29,2011," Hasakeh",0,0,0,0,1604000,18,0,0
"568",30,2011," Hasakeh",0,0,0,0,1604000,19,0,0
"569",31,2011," Hasakeh",0,0,0,0,1604000,20,0,0
"570",32,2011," Hasakeh",0,0,0,0,1604000,21,0,0
"571",33,2011," Hasakeh",0,0,0,0,1604000,22,0,0
"572",34,2011," Hasakeh",0,0,0,0,1604000,23,0,0
"573",35,2011," Hasakeh",0,0,0,0,1604000,24,0,0
"574",36,2011," Hasakeh",0,0,0,0,1604000,25,0,0
"575",37,2011," Hasakeh",0,0,0,0,1604000,26,0,0
"576",38,2011," Hasakeh",0,0,0,0,1604000,27,0,0
"577",39,2011," Hasakeh",0,0,0,0,1604000,28,0,0
"578",40,2011," Hasakeh",0,0,0,0,1604000,29,0,0
"579",41,2011," Hasakeh",0,0,0,0,1604000,30,0,0
"580",42,2011," Hasakeh",0,0,0,0,1604000,31,0,0
"581",43,2011," Hasakeh",0,0,0,0,1604000,32,0,0
"582",44,2011," Hasakeh",0,0,0,0,1604000,33,0,0
"583",45,2011," Hasakeh",0,0,0,0,1604000,34,0,0
"584",46,2011," Hasakeh",0,0,0,0,1604000,35,0,0
"585",47,2011," Hasakeh",0,0,0,0,1604000,36,0,0
"586",48,2011," Hasakeh",0,0,0,0,1604000,37,0,0
"587",49,2011," Hasakeh",0,0,0,0,1604000,38,0,0
"588",50,2011," Hasakeh",0,0,0,0,1604000,39,0,0
"589",51,2011," Hasakeh",0,0,0,0,1604000,40,0,0
"590",52,2011," Hasakeh",0,0,0,0,1604000,41,0,0
"591",53,2011," Hasakeh",0,0,0,0,1604000,42,0,0
"592",1,2012," Hasakeh",0,0,0,0,1604000,43,0,0
"593",2,2012," Hasakeh",0,0,0,0,1604000,44,0,0
"594",3,2012," Hasakeh",0,0,0,0,1604000,45,0,0
"595",4,2012," Hasakeh",0,0,0,0,1604000,46,0,0
"596",5,2012," Hasakeh",0,0,0,0,1604000,47,0,0
"597",6,2012," Hasakeh",0,0,0,0,1604000,48,0,0
"598",7,2012," Hasakeh",0,0,0,0,1604000,49,0,0
"599",8,2012," Hasakeh",0,0,0,0,1604000,50,0,0
"600",9,2012," Hasakeh",0,0,0,0,1604000,51,0,0
"601",10,2012," Hasakeh",0,0,0,0,1604000,52,0,0
"602",11,2012," Hasakeh",0,0,0,0,1604000,53,0,0
"603",12,2012," Hasakeh",0,0,0,0,1604000,54,0,0
"604",13,2012," Hasakeh",0,0,0,0,1604000,55,0,0
"605",14,2012," Hasakeh",0,0,0,0,1604000,56,0,0
"606",15,2012," Hasakeh",0,0,0,0,1604000,57,0,0
"607",16,2012," Hasakeh",0,0,0,0,1604000,58,0,0
"608",17,2012," Hasakeh",0,0,0,0,1604000,59,0,0
"609",18,2012," Hasakeh",0,0,0,0,1604000,60,0,0
"610",19,2012," Hasakeh",0,0,0,0,1604000,61,0,0
"611",20,2012," Hasakeh",0,0,0,0,1604000,62,0,0
"612",21,2012," Hasakeh",0,0,0,0,1604000,63,0,0
"613",22,2012," Hasakeh",0,0,0,0,1604000,64,0,0
"614",23,2012," Hasakeh",0,0,0,0,1604000,65,0,0
"615",24,2012," Hasakeh",0,0,0,0,1604000,66,0,0
"616",25,2012," Hasakeh",0,0,0,0,1604000,67,0,0
"617",26,2012," Hasakeh",0,0,0,0,1604000,68,0,0
"618",27,2012," Hasakeh",0,0,0,0,1604000,69,0,0
"619",28,2012," Hasakeh",0,0,0,0,1604000,70,0,0
"620",29,2012," Hasakeh",0,0,0,0,1604000,71,0,0
"621",30,2012," Hasakeh",0,0,0,0,1604000,72,0,0
"622",31,2012," Hasakeh",0,0,0,0,1604000,73,0,0
"623",32,2012," Hasakeh",0,0,0,0,1604000,74,0,0
"624",33,2012," Hasakeh",0,0,0,0,1604000,75,0,0
"625",34,2012," Hasakeh",0,0,0,0,1604000,76,0,0
"626",35,2012," Hasakeh",0,0,0,0,1604000,77,0,0
"627",36,2012," Hasakeh",0,0,0,0,1604000,78,0,0
"628",37,2012," Hasakeh",0,0,0,0,1604000,79,0,0
"629",38,2012," Hasakeh",0,0,0,0,1604000,80,0,0
"630",39,2012," Hasakeh",0,0,0,0,1604000,81,0,0
"631",40,2012," Hasakeh",0,0,0,0,1604000,82,0,0
"632",41,2012," Hasakeh",0,0,0,0,1604000,83,0,0
"633",42,2012," Hasakeh",0,0,0,0,1604000,84,0,0
"634",43,2012," Hasakeh",0,0,0,0,1604000,85,0,0
"635",44,2012," Hasakeh",0,0,0,0,1604000,86,0,0
"636",45,2012," Hasakeh",0,0,0,0,1604000,87,0,0
"637",46,2012," Hasakeh",7,1,2,3,1604000,88,0,0
"638",47,2012," Hasakeh",0,0,0,0,1604000,89,7,1
"639",48,2012," Hasakeh",0,0,0,0,1604000,90,0,0
"640",12,2011," Homs",0,0,0,0,2147000,1,NA,NA
"641",13,2011," Homs",0,0,0,0,2147000,2,0,0
"642",14,2011," Homs",0,0,0,0,2147000,3,0,0
"643",15,2011," Homs",0,0,0,0,2147000,4,0,0
"644",16,2011," Homs",13,5,2,1,2147000,5,0,0
"645",17,2011," Homs",0,0,0,0,2147000,6,13,5
"646",18,2011," Homs",0,0,0,0,2147000,7,0,0
"647",19,2011," Homs",0,0,0,0,2147000,8,0,0
"648",20,2011," Homs",21,5,1,1,2147000,9,0,0
"649",21,2011," Homs",0,0,0,0,2147000,10,21,5
"650",22,2011," Homs",0,0,0,0,2147000,11,0,0
"651",23,2011," Homs",0,0,0,0,2147000,12,0,0
"652",24,2011," Homs",0,0,0,0,2147000,13,0,0
"653",25,2011," Homs",0,0,0,0,2147000,14,0,0
"654",26,2011," Homs",0,0,0,0,2147000,15,0,0
"655",27,2011," Homs",0,0,0,0,2147000,16,0,0
"656",28,2011," Homs",0,0,0,0,2147000,17,0,0
"657",29,2011," Homs",0,0,0,0,2147000,18,0,0
"658",30,2011," Homs",0,0,0,0,2147000,19,0,0
"659",31,2011," Homs",0,0,0,0,2147000,20,0,0
"660",32,2011," Homs",22,1,2,3,2147000,21,0,0
"661",33,2011," Homs",0,0,0,0,2147000,22,22,1
"662",34,2011," Homs",0,0,0,0,2147000,23,0,0
"663",35,2011," Homs",0,0,0,0,2147000,24,0,0
"664",36,2011," Homs",23,10,2,2,2147000,25,0,0
"665",37,2011," Homs",0,0,0,0,2147000,26,23,10
"666",38,2011," Homs",18,4,3,1,2147000,27,0,0
"667",39,2011," Homs",19,7,1,9,2147000,28,18,4
"668",40,2011," Homs",4,1,1,1,2147000,29,19,7
"669",40,2011," Homs",29,4,2,2,2147000,29,4,1
"670",41,2011," Homs",0,0,0,0,2147000,30,29,4
"671",42,2011," Homs",37,5,6,1,2147000,31,0,0
"672",43,2011," Homs",0,0,0,0,2147000,32,37,5
"673",44,2011," Homs",18,3,2,1,2147000,33,0,0
"674",45,2011," Homs",41,5,6,1,2147000,34,18,3
"675",46,2011," Homs",27,5,3,3,2147000,35,41,5
"676",47,2011," Homs",32,13,5,5,2147000,36,27,5
"677",48,2011," Homs",28,6,6,2,2147000,37,32,13
"678",48,2011," Homs",6,1,2,1,2147000,37,28,6
"679",49,2011," Homs",45,4,11,1,2147000,38,6,1
"680",50,2011," Homs",20,5,3,1,2147000,39,45,4
"681",51,2011," Homs",39,4,4,2,2147000,40,20,5
"682",52,2011," Homs",47,5,6,1,2147000,41,39,4
"683",53,2011," Homs",3,1,1,1,2147000,42,47,5
"684",1,2012," Homs",17,3,1,1,2147000,43,3,1
"685",2,2012," Homs",24,1,2,5,2147000,44,17,3
"686",3,2012," Homs",33,5,5,2,2147000,45,24,1
"687",4,2012," Homs",54,10,13,1,2147000,46,33,5
"688",5,2012," Homs",46,1,9,6,2147000,47,54,10
"689",6,2012," Homs",198,22,40,4,2147000,48,46,1
"690",7,2012," Homs",32,9,5,7,2147000,49,198,22
"691",8,2012," Homs",53,9,10,4,2147000,50,32,9
"692",9,2012," Homs",42,9,10,6,2147000,51,53,9
"693",9,2012," Homs",24,1,5,1,2147000,51,42,9
"694",10,2012," Homs",78,4,19,5,2147000,52,24,1
"695",11,2012," Homs",79,7,15,5,2147000,53,78,4
"696",12,2012," Homs",56,4,15,8,2147000,54,79,7
"697",13,2012," Homs",67,7,14,4,2147000,55,56,4
"698",14,2012," Homs",59,4,13,4,2147000,56,67,7
"699",14,2012," Homs",12,1,3,1,2147000,56,59,4
"700",15,2012," Homs",111,5,21,5,2147000,57,12,1
"701",16,2012," Homs",56,2,1,5,2147000,58,111,5
"702",17,2012," Homs",47,6,2,5,2147000,59,56,2
"703",18,2012," Homs",39,2,6,4,2147000,60,47,6
"704",18,2012," Homs",6,4,2,1,2147000,60,39,2
"705",19,2012," Homs",27,5,5,2,2147000,61,6,4
"706",20,2012," Homs",38,7,6,3,2147000,62,27,5
"707",21,2012," Homs",65,8,38,3,2147000,63,38,7
"708",22,2012," Homs",5,1,1,2,2147000,64,65,8
"709",22,2012," Homs",35,10,3,16,2147000,64,5,1
"710",23,2012," Homs",27,10,6,5,2147000,65,35,10
"711",24,2012," Homs",55,13,11,13,2147000,66,27,10
"712",25,2012," Homs",43,12,5,10,2147000,67,55,13
"713",26,2012," Homs",36,12,8,10,2147000,68,43,12
"714",27,2012," Homs",4,1,1,1,2147000,69,36,12
"715",27,2012," Homs",24,2,4,11,2147000,69,4,1
"716",28,2012," Homs",31,7,12,14,2147000,70,24,2
"717",29,2012," Homs",55,13,16,23,2147000,71,31,7
"718",30,2012," Homs",53,18,18,18,2147000,72,55,13
"719",31,2012," Homs",16,2,4,11,2147000,73,53,18
"720",31,2012," Homs",12,4,4,12,2147000,73,16,2
"721",32,2012," Homs",44,9,19,10,2147000,74,12,4
"722",33,2012," Homs",55,15,18,15,2147000,75,44,9
"723",34,2012," Homs",31,4,15,12,2147000,76,55,15
"724",35,2012," Homs",25,10,10,13,2147000,77,31,4
"725",36,2012," Homs",18,7,7,7,2147000,78,25,10
"726",37,2012," Homs",22,5,11,2,2147000,79,18,7
"727",38,2012," Homs",33,6,9,17,2147000,80,22,5
"728",39,2012," Homs",21,9,2,16,2147000,81,33,6
"729",40,2012," Homs",2,4,1,3,2147000,82,21,9
"730",40,2012," Homs",19,6,3,5,2147000,82,2,4
"731",41,2012," Homs",31,8,9,20,2147000,83,19,6
"732",42,2012," Homs",31,6,12,11,2147000,84,31,8
"733",43,2012," Homs",22,8,4,7,2147000,85,31,6
"734",44,2012," Homs",12,4,4,15,2147000,86,22,8
"735",44,2012," Homs",11,5,5,1,2147000,86,12,4
"736",45,2012," Homs",19,9,4,11,2147000,87,11,5
"737",46,2012," Homs",23,7,7,4,2147000,88,19,9
"738",47,2012," Homs",7,10,2,2,2147000,89,23,7
"739",48,2012," Homs",23,10,10,8,2147000,90,7,10
"740",12,2011," Idlib",0,0,0,0,2072000,1,NA,NA
"741",13,2011," Idlib",0,0,0,0,2072000,2,0,0
"742",14,2011," Idlib",0,0,0,0,2072000,3,0,0
"743",15,2011," Idlib",0,0,0,0,2072000,4,0,0
"744",16,2011," Idlib",0,0,0,0,2072000,5,0,0
"745",17,2011," Idlib",0,0,0,0,2072000,6,0,0
"746",18,2011," Idlib",0,0,0,0,2072000,7,0,0
"747",19,2011," Idlib",0,0,0,0,2072000,8,0,0
"748",20,2011," Idlib",0,0,0,0,2072000,9,0,0
"749",21,2011," Idlib",18,1,1,1,2072000,10,0,0
"750",22,2011," Idlib",0,0,0,0,2072000,11,18,1
"751",23,2011," Idlib",31,18,2,4,2072000,12,0,0
"752",24,2011," Idlib",0,0,0,0,2072000,13,31,18
"753",25,2011," Idlib",0,0,0,0,2072000,14,0,0
"754",26,2011," Idlib",0,0,0,0,2072000,15,0,0
"755",27,2011," Idlib",0,0,0,0,2072000,16,0,0
"756",28,2011," Idlib",0,0,0,0,2072000,17,0,0
"757",29,2011," Idlib",0,0,0,0,2072000,18,0,0
"758",30,2011," Idlib",0,0,0,0,2072000,19,0,0
"759",31,2011," Idlib",0,0,0,0,2072000,20,0,0
"760",32,2011," Idlib",0,0,0,0,2072000,21,0,0
"761",33,2011," Idlib",0,0,0,0,2072000,22,0,0
"762",34,2011," Idlib",0,0,0,0,2072000,23,0,0
"763",35,2011," Idlib",0,0,0,0,2072000,24,0,0
"764",36,2011," Idlib",8,1,2,3,2072000,25,0,0
"765",37,2011," Idlib",0,0,0,0,2072000,26,8,1
"766",38,2011," Idlib",0,0,0,0,2072000,27,0,0
"767",39,2011," Idlib",0,0,0,0,2072000,28,0,0
"768",40,2011," Idlib",0,0,0,0,2072000,29,0,0
"769",41,2011," Idlib",0,0,0,0,2072000,30,0,0
"770",42,2011," Idlib",0,0,0,0,2072000,31,0,0
"771",43,2011," Idlib",0,0,0,0,2072000,32,0,0
"772",44,2011," Idlib",0,0,0,0,2072000,33,0,0
"773",45,2011," Idlib",5,1,3,3,2072000,34,0,0
"774",46,2011," Idlib",10,5,4,3,2072000,35,5,1
"775",47,2011," Idlib",0,0,0,0,2072000,36,10,5
"776",48,2011," Idlib",0,0,0,0,2072000,37,0,0
"777",49,2011," Idlib",0,0,0,0,2072000,38,0,0
"778",50,2011," Idlib",13,1,1,6,2072000,39,0,0
"779",51,2011," Idlib",43,2,6,13,2072000,40,13,1
"780",52,2011," Idlib",0,0,0,0,2072000,41,43,2
"781",53,2011," Idlib",0,0,0,0,2072000,42,0,0
"782",1,2012," Idlib",0,0,0,0,2072000,43,0,0
"783",2,2012," Idlib",8,1,3,9,2072000,44,0,0
"784",3,2012," Idlib",17,3,2,3,2072000,45,8,1
"785",4,2012," Idlib",0,0,0,0,2072000,46,17,3
"786",5,2012," Idlib",9,3,2,1,2072000,47,0,0
"787",6,2012," Idlib",23,6,3,5,2072000,48,9,3
"788",7,2012," Idlib",25,8,3,3,2072000,49,23,6
"789",8,2012," Idlib",52,3,2,2,2072000,50,25,8
"790",9,2012," Idlib",28,5,4,1,2072000,51,52,3
"791",10,2012," Idlib",0,0,0,0,2072000,52,28,5
"792",11,2012," Idlib",78,2,8,14,2072000,53,0,0
"793",12,2012," Idlib",31,5,11,7,2072000,54,78,2
"794",13,2012," Idlib",0,0,0,0,2072000,55,31,5
"795",14,2012," Idlib",63,3,6,5,2072000,56,0,0
"796",15,2012," Idlib",36,1,3,5,2072000,57,63,3
"797",16,2012," Idlib",12,3,1,21,2072000,58,36,1
"798",17,2012," Idlib",15,2,6,2,2072000,59,12,3
"799",18,2012," Idlib",13,2,5,1,2072000,60,15,2
"800",19,2012," Idlib",7,1,2,6,2072000,61,13,2
"801",20,2012," Idlib",18,1,4,7,2072000,62,7,1
"802",21,2012," Idlib",0,0,0,0,2072000,63,18,1
"803",22,2012," Idlib",7,3,3,3,2072000,64,0,0
"804",23,2012," Idlib",16,2,7,6,2072000,65,7,3
"805",24,2012," Idlib",27,8,4,8,2072000,66,16,2
"806",25,2012," Idlib",7,4,2,3,2072000,67,27,8
"807",26,2012," Idlib",40,5,9,6,2072000,68,7,4
"808",27,2012," Idlib",0,0,0,0,2072000,69,40,5
"809",28,2012," Idlib",35,4,12,8,2072000,70,0,0
"810",29,2012," Idlib",39,4,13,12,2072000,71,35,4
"811",30,2012," Idlib",51,5,11,7,2072000,72,39,4
"812",31,2012," Idlib",22,3,8,5,2072000,73,51,5
"813",31,2012," Idlib",18,2,1,10,2072000,73,22,3
"814",32,2012," Idlib",61,2,19,21,2072000,74,18,2
"815",33,2012," Idlib",56,2,12,22,2072000,75,61,2
"816",34,2012," Idlib",59,1,21,6,2072000,76,56,2
"817",35,2012," Idlib",0,0,0,0,2072000,77,59,1
"818",36,2012," Idlib",33,1,12,19,2072000,78,0,0
"819",37,2012," Idlib",27,4,8,14,2072000,79,33,1
"820",38,2012," Idlib",55,1,25,6,2072000,80,27,4
"821",39,2012," Idlib",35,4,18,4,2072000,81,55,1
"822",40,2012," Idlib",6,1,2,2,2072000,82,35,4
"823",40,2012," Idlib",23,2,8,12,2072000,82,6,1
"824",41,2012," Idlib",78,1,26,35,2072000,83,23,2
"825",42,2012," Idlib",73,2,27,29,2072000,84,78,1
"826",43,2012," Idlib",47,5,13,21,2072000,85,73,2
"827",44,2012," Idlib",53,3,24,21,2072000,86,47,5
"828",45,2012," Idlib",111,8,38,24,2072000,87,53,3
"829",46,2012," Idlib",26,3,8,9,2072000,88,111,8
"830",47,2012," Idlib",14,3,5,18,2072000,89,26,3
"831",48,2012," Idlib",20,6,4,15,2072000,90,14,3
"832",12,2011," Lattakia",0,0,0,0,1229000,1,NA,NA
"833",13,2011," Lattakia",0,0,0,0,1229000,2,0,0
"834",14,2011," Lattakia",0,0,0,0,1229000,3,0,0
"835",15,2011," Lattakia",0,0,0,0,1229000,4,0,0
"836",16,2011," Lattakia",0,0,0,0,1229000,5,0,0
"837",17,2011," Lattakia",9,4,2,2,1229000,6,0,0
"838",18,2011," Lattakia",0,0,0,0,1229000,7,9,4
"839",19,2011," Lattakia",0,0,0,0,1229000,8,0,0
"840",20,2011," Lattakia",0,0,0,0,1229000,9,0,0
"841",21,2011," Lattakia",0,0,0,0,1229000,10,0,0
"842",22,2011," Lattakia",0,0,0,0,1229000,11,0,0
"843",23,2011," Lattakia",0,0,0,0,1229000,12,0,0
"844",24,2011," Lattakia",0,0,0,0,1229000,13,0,0
"845",25,2011," Lattakia",0,0,0,0,1229000,14,0,0
"846",26,2011," Lattakia",0,0,0,0,1229000,15,0,0
"847",27,2011," Lattakia",0,0,0,0,1229000,16,0,0
"848",28,2011," Lattakia",0,0,0,0,1229000,17,0,0
"849",29,2011," Lattakia",0,0,0,0,1229000,18,0,0
"850",30,2011," Lattakia",0,0,0,0,1229000,19,0,0
"851",31,2011," Lattakia",0,0,0,0,1229000,20,0,0
"852",32,2011," Lattakia",0,0,0,0,1229000,21,0,0
"853",33,2011," Lattakia",0,0,0,0,1229000,22,0,0
"854",34,2011," Lattakia",0,0,0,0,1229000,23,0,0
"855",35,2011," Lattakia",0,0,0,0,1229000,24,0,0
"856",36,2011," Lattakia",0,0,0,0,1229000,25,0,0
"857",37,2011," Lattakia",0,0,0,0,1229000,26,0,0
"858",38,2011," Lattakia",0,0,0,0,1229000,27,0,0
"859",39,2011," Lattakia",0,0,0,0,1229000,28,0,0
"860",40,2011," Lattakia",0,0,0,0,1229000,29,0,0
"861",41,2011," Lattakia",0,0,0,0,1229000,30,0,0
"862",42,2011," Lattakia",0,0,0,0,1229000,31,0,0
"863",43,2011," Lattakia",0,0,0,0,1229000,32,0,0
"864",44,2011," Lattakia",0,0,0,0,1229000,33,0,0
"865",45,2011," Lattakia",0,0,0,0,1229000,34,0,0
"866",46,2011," Lattakia",0,0,0,0,1229000,35,0,0
"867",47,2011," Lattakia",0,0,0,0,1229000,36,0,0
"868",48,2011," Lattakia",0,0,0,0,1229000,37,0,0
"869",49,2011," Lattakia",0,0,0,0,1229000,38,0,0
"870",50,2011," Lattakia",0,0,0,0,1229000,39,0,0
"871",51,2011," Lattakia",0,0,0,0,1229000,40,0,0
"872",52,2011," Lattakia",0,0,0,0,1229000,41,0,0
"873",53,2011," Lattakia",0,0,0,0,1229000,42,0,0
"874",1,2012," Lattakia",0,0,0,0,1229000,43,0,0
"875",2,2012," Lattakia",0,0,0,0,1229000,44,0,0
"876",3,2012," Lattakia",0,0,0,0,1229000,45,0,0
"877",4,2012," Lattakia",0,0,0,0,1229000,46,0,0
"878",5,2012," Lattakia",0,0,0,0,1229000,47,0,0
"879",6,2012," Lattakia",0,0,0,0,1229000,48,0,0
"880",7,2012," Lattakia",0,0,0,0,1229000,49,0,0
"881",8,2012," Lattakia",0,0,0,0,1229000,50,0,0
"882",9,2012," Lattakia",0,0,0,0,1229000,51,0,0
"883",10,2012," Lattakia",0,0,0,0,1229000,52,0,0
"884",11,2012," Lattakia",0,0,0,0,1229000,53,0,0
"885",12,2012," Lattakia",0,0,0,0,1229000,54,0,0
"886",13,2012," Lattakia",0,0,0,0,1229000,55,0,0
"887",14,2012," Lattakia",0,0,0,0,1229000,56,0,0
"888",15,2012," Lattakia",0,0,0,0,1229000,57,0,0
"889",16,2012," Lattakia",0,0,0,0,1229000,58,0,0
"890",17,2012," Lattakia",0,0,0,0,1229000,59,0,0
"891",18,2012," Lattakia",0,0,0,0,1229000,60,0,0
"892",19,2012," Lattakia",0,0,0,0,1229000,61,0,0
"893",20,2012," Lattakia",0,0,0,0,1229000,62,0,0
"894",21,2012," Lattakia",1,9,1,1,1229000,63,0,0
"895",22,2012," Lattakia",0,0,0,0,1229000,64,1,9
"896",23,2012," Lattakia",22,14,3,4,1229000,65,0,0
"897",24,2012," Lattakia",12,20,6,2,1229000,66,22,14
"898",25,2012," Lattakia",7,10,1,2,1229000,67,12,20
"899",26,2012," Lattakia",0,0,0,0,1229000,68,7,10
"900",27,2012," Lattakia",0,0,0,0,1229000,69,0,0
"901",28,2012," Lattakia",0,0,0,0,1229000,70,0,0
"902",29,2012," Lattakia",0,0,0,0,1229000,71,0,0
"903",30,2012," Lattakia",0,0,0,0,1229000,72,0,0
"904",31,2012," Lattakia",0,0,0,0,1229000,73,0,0
"905",32,2012," Lattakia",7,17,3,2,1229000,74,0,0
"906",33,2012," Lattakia",3,13,1,1,1229000,75,7,17
"907",34,2012," Lattakia",3,9,1,2,1229000,76,3,13
"908",35,2012," Lattakia",4,16,1,5,1229000,77,3,9
"909",36,2012," Lattakia",15,10,2,6,1229000,78,4,16
"910",37,2012," Lattakia",0,0,0,0,1229000,79,15,10
"911",38,2012," Lattakia",2,5,1,1,1229000,80,0,0
"912",39,2012," Lattakia",0,0,0,0,1229000,81,2,5
"913",40,2012," Lattakia",0,0,0,0,1229000,82,0,0
"914",41,2012," Lattakia",3,21,1,7,1229000,83,0,0
"915",42,2012," Lattakia",4,13,1,8,1229000,84,3,21
"916",43,2012," Lattakia",0,0,0,0,1229000,85,4,13
"917",44,2012," Lattakia",0,0,0,0,1229000,86,0,0
"918",45,2012," Lattakia",4,9,2,1,1229000,87,0,0
"919",46,2012," Lattakia",0,0,0,0,1229000,88,4,9
"920",47,2012," Lattakia",0,0,0,0,1229000,89,0,0
"921",48,2012," Lattakia",0,0,0,0,1229000,90,0,0
"922",12,2011," Quneitra",0,0,0,0,489000,1,NA,NA
"923",13,2011," Quneitra",0,0,0,0,489000,2,0,0
"924",14,2011," Quneitra",0,0,0,0,489000,3,0,0
"925",15,2011," Quneitra",0,0,0,0,489000,4,0,0
"926",16,2011," Quneitra",0,0,0,0,489000,5,0,0
"927",17,2011," Quneitra",0,0,0,0,489000,6,0,0
"928",18,2011," Quneitra",0,0,0,0,489000,7,0,0
"929",19,2011," Quneitra",0,0,0,0,489000,8,0,0
"930",20,2011," Quneitra",0,0,0,0,489000,9,0,0
"931",21,2011," Quneitra",0,0,0,0,489000,10,0,0
"932",22,2011," Quneitra",0,0,0,0,489000,11,0,0
"933",23,2011," Quneitra",0,0,0,0,489000,12,0,0
"934",24,2011," Quneitra",0,0,0,0,489000,13,0,0
"935",25,2011," Quneitra",0,0,0,0,489000,14,0,0
"936",26,2011," Quneitra",0,0,0,0,489000,15,0,0
"937",27,2011," Quneitra",0,0,0,0,489000,16,0,0
"938",28,2011," Quneitra",0,0,0,0,489000,17,0,0
"939",29,2011," Quneitra",0,0,0,0,489000,18,0,0
"940",30,2011," Quneitra",0,0,0,0,489000,19,0,0
"941",31,2011," Quneitra",0,0,0,0,489000,20,0,0
"942",32,2011," Quneitra",0,0,0,0,489000,21,0,0
"943",33,2011," Quneitra",0,0,0,0,489000,22,0,0
"944",34,2011," Quneitra",0,0,0,0,489000,23,0,0
"945",35,2011," Quneitra",0,0,0,0,489000,24,0,0
"946",36,2011," Quneitra",0,0,0,0,489000,25,0,0
"947",37,2011," Quneitra",0,0,0,0,489000,26,0,0
"948",38,2011," Quneitra",0,0,0,0,489000,27,0,0
"949",39,2011," Quneitra",0,0,0,0,489000,28,0,0
"950",40,2011," Quneitra",0,0,0,0,489000,29,0,0
"951",41,2011," Quneitra",0,0,0,0,489000,30,0,0
"952",42,2011," Quneitra",0,0,0,0,489000,31,0,0
"953",43,2011," Quneitra",0,0,0,0,489000,32,0,0
"954",44,2011," Quneitra",0,0,0,0,489000,33,0,0
"955",45,2011," Quneitra",0,0,0,0,489000,34,0,0
"956",46,2011," Quneitra",0,0,0,0,489000,35,0,0
"957",47,2011," Quneitra",0,0,0,0,489000,36,0,0
"958",48,2011," Quneitra",0,0,0,0,489000,37,0,0
"959",49,2011," Quneitra",0,0,0,0,489000,38,0,0
"960",50,2011," Quneitra",0,0,0,0,489000,39,0,0
"961",51,2011," Quneitra",0,0,0,0,489000,40,0,0
"962",52,2011," Quneitra",0,0,0,0,489000,41,0,0
"963",53,2011," Quneitra",0,0,0,0,489000,42,0,0
"964",1,2012," Quneitra",0,0,0,0,489000,43,0,0
"965",2,2012," Quneitra",0,0,0,0,489000,44,0,0
"966",3,2012," Quneitra",0,0,0,0,489000,45,0,0
"967",4,2012," Quneitra",0,0,0,0,489000,46,0,0
"968",5,2012," Quneitra",0,0,0,0,489000,47,0,0
"969",6,2012," Quneitra",0,0,0,0,489000,48,0,0
"970",7,2012," Quneitra",0,0,0,0,489000,49,0,0
"971",8,2012," Quneitra",0,0,0,0,489000,50,0,0
"972",9,2012," Quneitra",0,0,0,0,489000,51,0,0
"973",10,2012," Quneitra",0,0,0,0,489000,52,0,0
"974",11,2012," Quneitra",0,0,0,0,489000,53,0,0
"975",12,2012," Quneitra",0,0,0,0,489000,54,0,0
"976",13,2012," Quneitra",0,0,0,0,489000,55,0,0
"977",14,2012," Quneitra",0,0,0,0,489000,56,0,0
"978",15,2012," Quneitra",0,0,0,0,489000,57,0,0
"979",16,2012," Quneitra",0,0,0,0,489000,58,0,0
"980",17,2012," Quneitra",0,0,0,0,489000,59,0,0
"981",18,2012," Quneitra",0,0,0,0,489000,60,0,0
"982",19,2012," Quneitra",0,0,0,0,489000,61,0,0
"983",20,2012," Quneitra",0,0,0,0,489000,62,0,0
"984",21,2012," Quneitra",0,0,0,0,489000,63,0,0
"985",22,2012," Quneitra",0,0,0,0,489000,64,0,0
"986",23,2012," Quneitra",0,0,0,0,489000,65,0,0
"987",24,2012," Quneitra",0,0,0,0,489000,66,0,0
"988",25,2012," Quneitra",0,0,0,0,489000,67,0,0
"989",26,2012," Quneitra",0,0,0,0,489000,68,0,0
"990",27,2012," Quneitra",0,0,0,0,489000,69,0,0
"991",28,2012," Quneitra",0,0,0,0,489000,70,0,0
"992",29,2012," Quneitra",0,0,0,0,489000,71,0,0
"993",30,2012," Quneitra",0,0,0,0,489000,72,0,0
"994",31,2012," Quneitra",0,0,0,0,489000,73,0,0
"995",32,2012," Quneitra",0,0,0,0,489000,74,0,0
"996",33,2012," Quneitra",0,0,0,0,489000,75,0,0
"997",34,2012," Quneitra",0,0,0,0,489000,76,0,0
"998",35,2012," Quneitra",0,0,0,0,489000,77,0,0
"999",36,2012," Quneitra",0,0,0,0,489000,78,0,0
"1000",37,2012," Quneitra",0,0,0,0,489000,79,0,0
"1001",38,2012," Quneitra",0,0,0,0,489000,80,0,0
"1002",39,2012," Quneitra",0,0,0,0,489000,81,0,0
"1003",40,2012," Quneitra",0,0,0,0,489000,82,0,0
"1004",41,2012," Quneitra",0,0,0,0,489000,83,0,0
"1005",42,2012," Quneitra",0,0,0,0,489000,84,0,0
"1006",43,2012," Quneitra",0,0,0,0,489000,85,0,0
"1007",44,2012," Quneitra",0,0,0,0,489000,86,0,0
"1008",45,2012," Quneitra",0,0,0,0,489000,87,0,0
"1009",46,2012," Quneitra",0,0,0,0,489000,88,0,0
"1010",47,2012," Quneitra",3,1,1,2,489000,89,0,0
"1011",48,2012," Quneitra",0,0,0,0,489000,90,3,1
"1012",12,2011," Raqqa",0,0,0,0,1008000,1,NA,NA
"1013",13,2011," Raqqa",0,0,0,0,1008000,2,0,0
"1014",14,2011," Raqqa",0,0,0,0,1008000,3,0,0
"1015",15,2011," Raqqa",0,0,0,0,1008000,4,0,0
"1016",16,2011," Raqqa",0,0,0,0,1008000,5,0,0
"1017",17,2011," Raqqa",0,0,0,0,1008000,6,0,0
"1018",18,2011," Raqqa",0,0,0,0,1008000,7,0,0
"1019",19,2011," Raqqa",0,0,0,0,1008000,8,0,0
"1020",20,2011," Raqqa",0,0,0,0,1008000,9,0,0
"1021",21,2011," Raqqa",0,0,0,0,1008000,10,0,0
"1022",22,2011," Raqqa",0,0,0,0,1008000,11,0,0
"1023",23,2011," Raqqa",0,0,0,0,1008000,12,0,0
"1024",24,2011," Raqqa",0,0,0,0,1008000,13,0,0
"1025",25,2011," Raqqa",0,0,0,0,1008000,14,0,0
"1026",26,2011," Raqqa",0,0,0,0,1008000,15,0,0
"1027",27,2011," Raqqa",0,0,0,0,1008000,16,0,0
"1028",28,2011," Raqqa",0,0,0,0,1008000,17,0,0
"1029",29,2011," Raqqa",0,0,0,0,1008000,18,0,0
"1030",30,2011," Raqqa",0,0,0,0,1008000,19,0,0
"1031",31,2011," Raqqa",0,0,0,0,1008000,20,0,0
"1032",32,2011," Raqqa",0,0,0,0,1008000,21,0,0
"1033",33,2011," Raqqa",0,0,0,0,1008000,22,0,0
"1034",34,2011," Raqqa",0,0,0,0,1008000,23,0,0
"1035",35,2011," Raqqa",0,0,0,0,1008000,24,0,0
"1036",36,2011," Raqqa",0,0,0,0,1008000,25,0,0
"1037",37,2011," Raqqa",0,0,0,0,1008000,26,0,0
"1038",38,2011," Raqqa",0,0,0,0,1008000,27,0,0
"1039",39,2011," Raqqa",0,0,0,0,1008000,28,0,0
"1040",40,2011," Raqqa",0,0,0,0,1008000,29,0,0
"1041",41,2011," Raqqa",0,0,0,0,1008000,30,0,0
"1042",42,2011," Raqqa",0,0,0,0,1008000,31,0,0
"1043",43,2011," Raqqa",0,0,0,0,1008000,32,0,0
"1044",44,2011," Raqqa",0,0,0,0,1008000,33,0,0
"1045",45,2011," Raqqa",0,0,0,0,1008000,34,0,0
"1046",46,2011," Raqqa",0,0,0,0,1008000,35,0,0
"1047",47,2011," Raqqa",0,0,0,0,1008000,36,0,0
"1048",48,2011," Raqqa",0,0,0,0,1008000,37,0,0
"1049",49,2011," Raqqa",0,0,0,0,1008000,38,0,0
"1050",50,2011," Raqqa",0,0,0,0,1008000,39,0,0
"1051",51,2011," Raqqa",0,0,0,0,1008000,40,0,0
"1052",52,2011," Raqqa",0,0,0,0,1008000,41,0,0
"1053",53,2011," Raqqa",0,0,0,0,1008000,42,0,0
"1054",1,2012," Raqqa",0,0,0,0,1008000,43,0,0
"1055",2,2012," Raqqa",0,0,0,0,1008000,44,0,0
"1056",3,2012," Raqqa",0,0,0,0,1008000,45,0,0
"1057",4,2012," Raqqa",1,1,1,1,1008000,46,0,0
"1058",5,2012," Raqqa",0,0,0,0,1008000,47,1,1
"1059",6,2012," Raqqa",0,0,0,0,1008000,48,0,0
"1060",7,2012," Raqqa",0,0,0,0,1008000,49,0,0
"1061",8,2012," Raqqa",0,0,0,0,1008000,50,0,0
"1062",9,2012," Raqqa",0,0,0,0,1008000,51,0,0
"1063",10,2012," Raqqa",0,0,0,0,1008000,52,0,0
"1064",11,2012," Raqqa",0,0,0,0,1008000,53,0,0
"1065",12,2012," Raqqa",0,0,0,0,1008000,54,0,0
"1066",13,2012," Raqqa",0,0,0,0,1008000,55,0,0
"1067",14,2012," Raqqa",0,0,0,0,1008000,56,0,0
"1068",15,2012," Raqqa",0,0,0,0,1008000,57,0,0
"1069",16,2012," Raqqa",0,0,0,0,1008000,58,0,0
"1070",17,2012," Raqqa",0,0,0,0,1008000,59,0,0
"1071",18,2012," Raqqa",0,0,0,0,1008000,60,0,0
"1072",19,2012," Raqqa",0,0,0,0,1008000,61,0,0
"1073",20,2012," Raqqa",0,0,0,0,1008000,62,0,0
"1074",21,2012," Raqqa",0,0,0,0,1008000,63,0,0
"1075",22,2012," Raqqa",0,0,0,0,1008000,64,0,0
"1076",23,2012," Raqqa",0,0,0,0,1008000,65,0,0
"1077",24,2012," Raqqa",0,0,0,0,1008000,66,0,0
"1078",25,2012," Raqqa",0,0,0,0,1008000,67,0,0
"1079",26,2012," Raqqa",0,0,0,0,1008000,68,0,0
"1080",27,2012," Raqqa",0,0,0,0,1008000,69,0,0
"1081",28,2012," Raqqa",0,0,0,0,1008000,70,0,0
"1082",29,2012," Raqqa",0,0,0,0,1008000,71,0,0
"1083",30,2012," Raqqa",0,0,0,0,1008000,72,0,0
"1084",31,2012," Raqqa",0,0,0,0,1008000,73,0,0
"1085",32,2012," Raqqa",0,0,0,0,1008000,74,0,0
"1086",33,2012," Raqqa",0,0,0,0,1008000,75,0,0
"1087",34,2012," Raqqa",0,0,0,0,1008000,76,0,0
"1088",35,2012," Raqqa",0,0,0,0,1008000,77,0,0
"1089",36,2012," Raqqa",0,0,0,0,1008000,78,0,0
"1090",37,2012," Raqqa",0,0,0,0,1008000,79,0,0
"1091",38,2012," Raqqa",0,0,0,0,1008000,80,0,0
"1092",39,2012," Raqqa",2,1,2,1,1008000,81,0,0
"1093",40,2012," Raqqa",0,0,0,0,1008000,82,2,1
"1094",41,2012," Raqqa",0,0,0,0,1008000,83,0,0
"1095",42,2012," Raqqa",3,2,1,3,1008000,84,0,0
"1096",43,2012," Raqqa",1,1,1,1,1008000,85,3,2
"1097",44,2012," Raqqa",0,0,0,0,1008000,86,1,1
"1098",45,2012," Raqqa",0,0,0,0,1008000,87,0,0
"1099",46,2012," Raqqa",0,0,0,0,1008000,88,0,0
"1100",47,2012," Raqqa",2,1,2,3,1008000,89,0,0
"1101",48,2012," Raqqa",0,0,0,0,1008000,90,2,1
"1102",12,2011," Sweida",0,0,0,0,486000,1,NA,NA
"1103",13,2011," Sweida",0,0,0,0,486000,2,0,0
"1104",14,2011," Sweida",0,0,0,0,486000,3,0,0
"1105",15,2011," Sweida",0,0,0,0,486000,4,0,0
"1106",16,2011," Sweida",0,0,0,0,486000,5,0,0
"1107",17,2011," Sweida",0,0,0,0,486000,6,0,0
"1108",18,2011," Sweida",0,0,0,0,486000,7,0,0
"1109",19,2011," Sweida",0,0,0,0,486000,8,0,0
"1110",20,2011," Sweida",0,0,0,0,486000,9,0,0
"1111",21,2011," Sweida",0,0,0,0,486000,10,0,0
"1112",22,2011," Sweida",0,0,0,0,486000,11,0,0
"1113",23,2011," Sweida",0,0,0,0,486000,12,0,0
"1114",24,2011," Sweida",0,0,0,0,486000,13,0,0
"1115",25,2011," Sweida",0,0,0,0,486000,14,0,0
"1116",26,2011," Sweida",0,0,0,0,486000,15,0,0
"1117",27,2011," Sweida",0,0,0,0,486000,16,0,0
"1118",28,2011," Sweida",0,0,0,0,486000,17,0,0
"1119",29,2011," Sweida",0,0,0,0,486000,18,0,0
"1120",30,2011," Sweida",0,0,0,0,486000,19,0,0
"1121",31,2011," Sweida",0,0,0,0,486000,20,0,0
"1122",32,2011," Sweida",0,0,0,0,486000,21,0,0
"1123",33,2011," Sweida",0,0,0,0,486000,22,0,0
"1124",34,2011," Sweida",0,0,0,0,486000,23,0,0
"1125",35,2011," Sweida",0,0,0,0,486000,24,0,0
"1126",36,2011," Sweida",0,0,0,0,486000,25,0,0
"1127",37,2011," Sweida",0,0,0,0,486000,26,0,0
"1128",38,2011," Sweida",0,0,0,0,486000,27,0,0
"1129",39,2011," Sweida",0,0,0,0,486000,28,0,0
"1130",40,2011," Sweida",0,0,0,0,486000,29,0,0
"1131",41,2011," Sweida",0,0,0,0,486000,30,0,0
"1132",42,2011," Sweida",0,0,0,0,486000,31,0,0
"1133",43,2011," Sweida",0,0,0,0,486000,32,0,0
"1134",44,2011," Sweida",0,0,0,0,486000,33,0,0
"1135",45,2011," Sweida",0,0,0,0,486000,34,0,0
"1136",46,2011," Sweida",0,0,0,0,486000,35,0,0
"1137",47,2011," Sweida",0,0,0,0,486000,36,0,0
"1138",48,2011," Sweida",0,0,0,0,486000,37,0,0
"1139",49,2011," Sweida",0,0,0,0,486000,38,0,0
"1140",50,2011," Sweida",0,0,0,0,486000,39,0,0
"1141",51,2011," Sweida",0,0,0,0,486000,40,0,0
"1142",52,2011," Sweida",0,0,0,0,486000,41,0,0
"1143",53,2011," Sweida",0,0,0,0,486000,42,0,0
"1144",1,2012," Sweida",0,0,0,0,486000,43,0,0
"1145",2,2012," Sweida",0,0,0,0,486000,44,0,0
"1146",3,2012," Sweida",0,0,0,0,486000,45,0,0
"1147",4,2012," Sweida",0,0,0,0,486000,46,0,0
"1148",5,2012," Sweida",0,0,0,0,486000,47,0,0
"1149",6,2012," Sweida",0,0,0,0,486000,48,0,0
"1150",7,2012," Sweida",0,0,0,0,486000,49,0,0
"1151",8,2012," Sweida",0,0,0,0,486000,50,0,0
"1152",9,2012," Sweida",0,0,0,0,486000,51,0,0
"1153",10,2012," Sweida",0,0,0,0,486000,52,0,0
"1154",11,2012," Sweida",0,0,0,0,486000,53,0,0
"1155",12,2012," Sweida",0,0,0,0,486000,54,0,0
"1156",13,2012," Sweida",0,0,0,0,486000,55,0,0
"1157",14,2012," Sweida",0,0,0,0,486000,56,0,0
"1158",15,2012," Sweida",0,0,0,0,486000,57,0,0
"1159",16,2012," Sweida",0,0,0,0,486000,58,0,0
"1160",17,2012," Sweida",0,0,0,0,486000,59,0,0
"1161",18,2012," Sweida",0,0,0,0,486000,60,0,0
"1162",19,2012," Sweida",0,0,0,0,486000,61,0,0
"1163",20,2012," Sweida",0,0,0,0,486000,62,0,0
"1164",21,2012," Sweida",0,0,0,0,486000,63,0,0
"1165",22,2012," Sweida",0,0,0,0,486000,64,0,0
"1166",23,2012," Sweida",0,0,0,0,486000,65,0,0
"1167",24,2012," Sweida",0,0,0,0,486000,66,0,0
"1168",25,2012," Sweida",0,0,0,0,486000,67,0,0
"1169",26,2012," Sweida",0,0,0,0,486000,68,0,0
"1170",27,2012," Sweida",0,0,0,0,486000,69,0,0
"1171",28,2012," Sweida",0,0,0,0,486000,70,0,0
"1172",29,2012," Sweida",0,0,0,0,486000,71,0,0
"1173",30,2012," Sweida",0,0,0,0,486000,72,0,0
"1174",31,2012," Sweida",0,0,0,0,486000,73,0,0
"1175",32,2012," Sweida",0,0,0,0,486000,74,0,0
"1176",33,2012," Sweida",0,0,0,0,486000,75,0,0
"1177",34,2012," Sweida",0,0,0,0,486000,76,0,0
"1178",35,2012," Sweida",0,0,0,0,486000,77,0,0
"1179",36,2012," Sweida",0,0,0,0,486000,78,0,0
"1180",37,2012," Sweida",0,0,0,0,486000,79,0,0
"1181",38,2012," Sweida",0,0,0,0,486000,80,0,0
"1182",39,2012," Sweida",0,0,0,0,486000,81,0,0
"1183",40,2012," Sweida",0,0,0,0,486000,82,0,0
"1184",41,2012," Sweida",0,0,0,0,486000,83,0,0
"1185",42,2012," Sweida",0,0,0,0,486000,84,0,0
"1186",43,2012," Sweida",0,0,0,0,486000,85,0,0
"1187",44,2012," Sweida",0,0,0,0,486000,86,0,0
"1188",45,2012," Sweida",0,0,0,0,486000,87,0,0
"1189",46,2012," Sweida",0,0,0,0,486000,88,0,0
"1190",47,2012," Sweida",0,0,0,0,486000,89,0,0
"1191",48,2012," Sweida",0,0,0,0,486000,90,0,0
"1192",12,2011," Tartous",0,0,0,0,954000,1,NA,NA
"1193",13,2011," Tartous",0,0,0,0,954000,2,0,0
"1194",14,2011," Tartous",0,0,0,0,954000,3,0,0
"1195",15,2011," Tartous",0,0,0,0,954000,4,0,0
"1196",16,2011," Tartous",0,0,0,0,954000,5,0,0
"1197",17,2011," Tartous",0,0,0,0,954000,6,0,0
"1198",18,2011," Tartous",0,0,0,0,954000,7,0,0
"1199",19,2011," Tartous",0,0,0,0,954000,8,0,0
"1200",20,2011," Tartous",0,0,0,0,954000,9,0,0
"1201",21,2011," Tartous",0,0,0,0,954000,10,0,0
"1202",22,2011," Tartous",0,0,0,0,954000,11,0,0
"1203",23,2011," Tartous",0,0,0,0,954000,12,0,0
"1204",24,2011," Tartous",0,0,0,0,954000,13,0,0
"1205",25,2011," Tartous",0,0,0,0,954000,14,0,0
"1206",26,2011," Tartous",0,0,0,0,954000,15,0,0
"1207",27,2011," Tartous",0,0,0,0,954000,16,0,0
"1208",28,2011," Tartous",0,0,0,0,954000,17,0,0
"1209",29,2011," Tartous",0,0,0,0,954000,18,0,0
"1210",30,2011," Tartous",0,0,0,0,954000,19,0,0
"1211",31,2011," Tartous",0,0,0,0,954000,20,0,0
"1212",32,2011," Tartous",0,0,0,0,954000,21,0,0
"1213",33,2011," Tartous",0,0,0,0,954000,22,0,0
"1214",34,2011," Tartous",0,0,0,0,954000,23,0,0
"1215",35,2011," Tartous",0,0,0,0,954000,24,0,0
"1216",36,2011," Tartous",0,0,0,0,954000,25,0,0
"1217",37,2011," Tartous",0,0,0,0,954000,26,0,0
"1218",38,2011," Tartous",0,0,0,0,954000,27,0,0
"1219",39,2011," Tartous",0,0,0,0,954000,28,0,0
"1220",40,2011," Tartous",0,0,0,0,954000,29,0,0
"1221",41,2011," Tartous",0,0,0,0,954000,30,0,0
"1222",42,2011," Tartous",0,0,0,0,954000,31,0,0
"1223",43,2011," Tartous",0,0,0,0,954000,32,0,0
"1224",44,2011," Tartous",0,0,0,0,954000,33,0,0
"1225",45,2011," Tartous",0,0,0,0,954000,34,0,0
"1226",46,2011," Tartous",0,0,0,0,954000,35,0,0
"1227",47,2011," Tartous",0,0,0,0,954000,36,0,0
"1228",48,2011," Tartous",0,0,0,0,954000,37,0,0
"1229",49,2011," Tartous",0,0,0,0,954000,38,0,0
"1230",50,2011," Tartous",0,0,0,0,954000,39,0,0
"1231",51,2011," Tartous",0,0,0,0,954000,40,0,0
"1232",52,2011," Tartous",0,0,0,0,954000,41,0,0
"1233",53,2011," Tartous",0,0,0,0,954000,42,0,0
"1234",1,2012," Tartous",0,0,0,0,954000,43,0,0
"1235",2,2012," Tartous",0,0,0,0,954000,44,0,0
"1236",3,2012," Tartous",0,0,0,0,954000,45,0,0
"1237",4,2012," Tartous",0,0,0,0,954000,46,0,0
"1238",5,2012," Tartous",0,0,0,0,954000,47,0,0
"1239",6,2012," Tartous",0,0,0,0,954000,48,0,0
"1240",7,2012," Tartous",0,0,0,0,954000,49,0,0
"1241",8,2012," Tartous",0,0,0,0,954000,50,0,0
"1242",9,2012," Tartous",0,0,0,0,954000,51,0,0
"1243",10,2012," Tartous",0,0,0,0,954000,52,0,0
"1244",11,2012," Tartous",0,0,0,0,954000,53,0,0
"1245",12,2012," Tartous",0,0,0,0,954000,54,0,0
"1246",13,2012," Tartous",0,0,0,0,954000,55,0,0
"1247",14,2012," Tartous",0,0,0,0,954000,56,0,0
"1248",15,2012," Tartous",0,0,0,0,954000,57,0,0
"1249",16,2012," Tartous",0,0,0,0,954000,58,0,0
"1250",17,2012," Tartous",0,0,0,0,954000,59,0,0
"1251",18,2012," Tartous",0,0,0,0,954000,60,0,0
"1252",19,2012," Tartous",0,0,0,0,954000,61,0,0
"1253",20,2012," Tartous",0,0,0,0,954000,62,0,0
"1254",21,2012," Tartous",0,0,0,0,954000,63,0,0
"1255",22,2012," Tartous",0,0,0,0,954000,64,0,0
"1256",23,2012," Tartous",0,0,0,0,954000,65,0,0
"1257",24,2012," Tartous",0,0,0,0,954000,66,0,0
"1258",25,2012," Tartous",0,0,0,0,954000,67,0,0
"1259",26,2012," Tartous",0,0,0,0,954000,68,0,0
"1260",27,2012," Tartous",0,0,0,0,954000,69,0,0
"1261",28,2012," Tartous",0,0,0,0,954000,70,0,0
"1262",29,2012," Tartous",0,0,0,0,954000,71,0,0
"1263",30,2012," Tartous",0,0,0,0,954000,72,0,0
"1264",31,2012," Tartous",0,0,0,0,954000,73,0,0
"1265",32,2012," Tartous",0,0,0,0,954000,74,0,0
"1266",33,2012," Tartous",0,0,0,0,954000,75,0,0
"1267",34,2012," Tartous",0,0,0,0,954000,76,0,0
"1268",35,2012," Tartous",0,0,0,0,954000,77,0,0
"1269",36,2012," Tartous",0,0,0,0,954000,78,0,0
"1270",37,2012," Tartous",0,0,0,0,954000,79,0,0
"1271",38,2012," Tartous",0,0,0,0,954000,80,0,0
"1272",39,2012," Tartous",0,0,0,0,954000,81,0,0
"1273",40,2012," Tartous",0,0,0,0,954000,82,0,0
"1274",41,2012," Tartous",0,0,0,0,954000,83,0,0
"1275",42,2012," Tartous",0,0,0,0,954000,84,0,0
"1276",43,2012," Tartous",0,0,0,0,954000,85,0,0
"1277",44,2012," Tartous",0,0,0,0,954000,86,0,0
"1278",45,2012," Tartous",0,0,0,0,954000,87,0,0
"1279",46,2012," Tartous",0,0,0,0,954000,88,0,0
"1280",47,2012," Tartous",0,0,0,0,954000,89,0,0
"1281",48,2012," Tartous",0,0,0,0,954000,90,0,0
