"","week","year","Province","civil","milit","fsa","population","duration","civil_lag"
"1",12,2011," Aleppo",0,0,0,5927000,1,NA
"2",13,2011," Aleppo",0,0,0,5927000,2,0
"3",14,2011," Aleppo",0,0,0,5927000,3,0
"4",15,2011," Aleppo",0,0,0,5927000,4,0
"5",16,2011," Aleppo",0,0,0,5927000,5,0
"6",17,2011," Aleppo",0,0,0,5927000,6,0
"7",18,2011," Aleppo",0,0,0,5927000,7,0
"8",19,2011," Aleppo",0,0,0,5927000,8,0
"9",20,2011," Aleppo",0,0,0,5927000,9,0
"10",21,2011," Aleppo",0,0,0,5927000,10,0
"11",22,2011," Aleppo",0,0,0,5927000,11,0
"12",23,2011," Aleppo",0,0,0,5927000,12,0
"13",24,2011," Aleppo",0,0,0,5927000,13,0
"14",25,2011," Aleppo",0,0,0,5927000,14,0
"15",26,2011," Aleppo",0,0,0,5927000,15,0
"16",27,2011," Aleppo",0,0,0,5927000,16,0
"17",28,2011," Aleppo",0,0,0,5927000,17,0
"18",29,2011," Aleppo",0,0,0,5927000,18,0
"19",30,2011," Aleppo",0,0,0,5927000,19,0
"20",31,2011," Aleppo",0,0,0,5927000,20,0
"21",32,2011," Aleppo",0,0,0,5927000,21,0
"22",33,2011," Aleppo",0,0,0,5927000,22,0
"23",34,2011," Aleppo",0,0,0,5927000,23,0
"24",35,2011," Aleppo",0,0,0,5927000,24,0
"25",36,2011," Aleppo",0,0,0,5927000,25,0
"26",37,2011," Aleppo",0,0,0,5927000,26,0
"27",38,2011," Aleppo",0,0,0,5927000,27,0
"28",39,2011," Aleppo",0,0,0,5927000,28,0
"29",40,2011," Aleppo",0,0,0,5927000,29,0
"30",41,2011," Aleppo",0,0,0,5927000,30,0
"31",42,2011," Aleppo",0,0,0,5927000,31,0
"32",43,2011," Aleppo",0,0,0,5927000,32,0
"33",44,2011," Aleppo",0,0,0,5927000,33,0
"34",45,2011," Aleppo",0,0,0,5927000,34,0
"35",46,2011," Aleppo",0,0,0,5927000,35,0
"36",47,2011," Aleppo",0,0,0,5927000,36,0
"37",48,2011," Aleppo",0,0,0,5927000,37,0
"38",49,2011," Aleppo",0,0,0,5927000,38,0
"39",50,2011," Aleppo",0,0,0,5927000,39,0
"40",51,2011," Aleppo",0,0,0,5927000,40,0
"41",52,2011," Aleppo",0,0,0,5927000,41,0
"42",53,2011," Aleppo",0,0,0,5927000,42,0
"43",1,2012," Aleppo",0,0,0,5927000,43,0
"44",2,2012," Aleppo",0,0,0,5927000,44,0
"45",3,2012," Aleppo",0,0,0,5927000,45,0
"46",4,2012," Aleppo",0,0,0,5927000,46,0
"47",5,2012," Aleppo",0,0,0,5927000,47,0
"48",6,2012," Aleppo",1,12,6,5927000,48,0
"49",7,2012," Aleppo",0,0,0,5927000,49,1
"50",8,2012," Aleppo",0,0,0,5927000,50,0
"51",9,2012," Aleppo",0,0,0,5927000,51,0
"52",10,2012," Aleppo",0,0,0,5927000,52,0
"53",11,2012," Aleppo",1,9,5,5927000,53,0
"54",12,2012," Aleppo",2,7,3,5927000,54,1
"55",13,2012," Aleppo",0,0,0,5927000,55,2
"56",14,2012," Aleppo",1,6,1,5927000,56,0
"57",15,2012," Aleppo",0,0,0,5927000,57,1
"58",16,2012," Aleppo",0,0,0,5927000,58,0
"59",17,2012," Aleppo",1,4,4,5927000,59,0
"60",18,2012," Aleppo",2,3,2,5927000,60,1
"61",19,2012," Aleppo",0,0,0,5927000,61,2
"62",20,2012," Aleppo",1,12,1,5927000,62,0
"63",21,2012," Aleppo",0,0,0,5927000,63,1
"64",22,2012," Aleppo",1,12,5,5927000,64,0
"65",23,2012," Aleppo",1,12,1,5927000,65,1
"66",24,2012," Aleppo",3,20,4,5927000,66,1
"67",25,2012," Aleppo",0,0,0,5927000,67,3
"68",26,2012," Aleppo",4,10,1,5927000,68,0
"69",27,2012," Aleppo",3,6,2,5927000,69,4
"70",28,2012," Aleppo",0,0,0,5927000,70,3
"71",29,2012," Aleppo",1,22,23,5927000,71,0
"72",30,2012," Aleppo",3,24,9,5927000,72,1
"73",31,2012," Aleppo",5,9,2,5927000,73,3
"74",31,2012," Aleppo",7,10,15,5927000,73,5
"75",32,2012," Aleppo",23,13,23,5927000,74,7
"76",33,2012," Aleppo",1,22,12,5927000,75,23
"77",34,2012," Aleppo",11,9,11,5927000,76,1
"78",35,2012," Aleppo",12,15,11,5927000,77,11
"79",36,2012," Aleppo",1,11,14,5927000,78,12
"80",37,2012," Aleppo",49,7,22,5927000,79,1
"81",38,2012," Aleppo",4,6,28,5927000,80,49
"82",39,2012," Aleppo",21,12,15,5927000,81,4
"83",40,2012," Aleppo",4,4,9,5927000,82,21
"84",40,2012," Aleppo",4,7,15,5927000,82,4
"85",41,2012," Aleppo",4,11,19,5927000,83,4
"86",42,2012," Aleppo",17,6,25,5927000,84,4
"87",43,2012," Aleppo",5,8,26,5927000,85,17
"88",44,2012," Aleppo",22,4,5,5927000,86,5
"89",45,2012," Aleppo",14,9,29,5927000,87,22
"90",46,2012," Aleppo",1,14,26,5927000,88,14
"91",47,2012," Aleppo",7,6,29,5927000,89,1
"92",48,2012," Aleppo",8,9,24,5927000,90,7
"93",12,2011," Damascus",0,0,0,1780000,1,NA
"94",13,2011," Damascus",0,0,0,1780000,2,0
"95",14,2011," Damascus",0,0,0,1780000,3,0
"96",15,2011," Damascus",0,0,0,1780000,4,0
"97",16,2011," Damascus",0,0,0,1780000,5,0
"98",17,2011," Damascus",0,0,0,1780000,6,0
"99",18,2011," Damascus",0,0,0,1780000,7,0
"100",19,2011," Damascus",0,0,0,1780000,8,0
"101",20,2011," Damascus",0,0,0,1780000,9,0
"102",21,2011," Damascus",0,0,0,1780000,10,0
"103",22,2011," Damascus",0,0,0,1780000,11,0
"104",23,2011," Damascus",0,0,0,1780000,12,0
"105",24,2011," Damascus",0,0,0,1780000,13,0
"106",25,2011," Damascus",0,0,0,1780000,14,0
"107",26,2011," Damascus",0,0,0,1780000,15,0
"108",27,2011," Damascus",0,0,0,1780000,16,0
"109",28,2011," Damascus",0,0,0,1780000,17,0
"110",29,2011," Damascus",0,0,0,1780000,18,0
"111",30,2011," Damascus",0,0,0,1780000,19,0
"112",31,2011," Damascus",0,0,0,1780000,20,0
"113",32,2011," Damascus",0,0,0,1780000,21,0
"114",33,2011," Damascus",0,0,0,1780000,22,0
"115",34,2011," Damascus",0,0,0,1780000,23,0
"116",35,2011," Damascus",0,0,0,1780000,24,0
"117",36,2011," Damascus",0,0,0,1780000,25,0
"118",37,2011," Damascus",0,0,0,1780000,26,0
"119",38,2011," Damascus",0,0,0,1780000,27,0
"120",39,2011," Damascus",0,0,0,1780000,28,0
"121",40,2011," Damascus",0,0,0,1780000,29,0
"122",41,2011," Damascus",0,0,0,1780000,30,0
"123",42,2011," Damascus",0,0,0,1780000,31,0
"124",43,2011," Damascus",0,0,0,1780000,32,0
"125",44,2011," Damascus",0,0,0,1780000,33,0
"126",45,2011," Damascus",0,0,0,1780000,34,0
"127",46,2011," Damascus",0,0,0,1780000,35,0
"128",47,2011," Damascus",0,0,0,1780000,36,0
"129",48,2011," Damascus",0,0,0,1780000,37,0
"130",49,2011," Damascus",0,0,0,1780000,38,0
"131",50,2011," Damascus",0,0,0,1780000,39,0
"132",51,2011," Damascus",0,0,0,1780000,40,0
"133",52,2011," Damascus",0,0,0,1780000,41,0
"134",53,2011," Damascus",0,0,0,1780000,42,0
"135",1,2012," Damascus",0,0,0,1780000,43,0
"136",2,2012," Damascus",0,0,0,1780000,44,0
"137",3,2012," Damascus",0,0,0,1780000,45,0
"138",4,2012," Damascus",0,0,0,1780000,46,0
"139",5,2012," Damascus",0,0,0,1780000,47,0
"140",6,2012," Damascus",0,0,0,1780000,48,0
"141",7,2012," Damascus",0,0,0,1780000,49,0
"142",8,2012," Damascus",0,0,0,1780000,50,0
"143",9,2012," Damascus",0,0,0,1780000,51,0
"144",10,2012," Damascus",0,0,0,1780000,52,0
"145",11,2012," Damascus",0,0,0,1780000,53,0
"146",12,2012," Damascus",0,0,0,1780000,54,0
"147",13,2012," Damascus",0,0,0,1780000,55,0
"148",14,2012," Damascus",0,0,0,1780000,56,0
"149",15,2012," Damascus",0,0,0,1780000,57,0
"150",16,2012," Damascus",0,0,0,1780000,58,0
"151",17,2012," Damascus",1,2,1,1780000,59,0
"152",18,2012," Damascus",0,0,0,1780000,60,1
"153",19,2012," Damascus",0,0,0,1780000,61,0
"154",20,2012," Damascus",0,0,0,1780000,62,0
"155",21,2012," Damascus",0,0,0,1780000,63,0
"156",22,2012," Damascus",0,0,0,1780000,64,0
"157",23,2012," Damascus",0,0,0,1780000,65,0
"158",24,2012," Damascus",0,0,0,1780000,66,0
"159",25,2012," Damascus",0,0,0,1780000,67,0
"160",26,2012," Damascus",1,2,2,1780000,68,0
"161",27,2012," Damascus",1,4,2,1780000,69,1
"162",28,2012," Damascus",1,2,4,1780000,70,1
"163",29,2012," Damascus",10,10,12,1780000,71,1
"164",30,2012," Damascus",38,2,10,1780000,72,10
"165",31,2012," Damascus",11,1,2,1780000,73,38
"166",31,2012," Damascus",3,2,3,1780000,73,11
"167",32,2012," Damascus",16,3,6,1780000,74,3
"168",33,2012," Damascus",6,5,4,1780000,75,16
"169",34,2012," Damascus",56,1,5,1780000,76,6
"170",35,2012," Damascus",16,1,4,1780000,77,56
"171",36,2012," Damascus",14,3,5,1780000,78,16
"172",37,2012," Damascus",27,3,8,1780000,79,14
"173",38,2012," Damascus",0,0,0,1780000,80,27
"174",39,2012," Damascus",45,2,4,1780000,81,0
"175",40,2012," Damascus",0,0,0,1780000,82,45
"176",41,2012," Damascus",14,3,2,1780000,83,0
"177",42,2012," Damascus",8,2,4,1780000,84,14
"178",43,2012," Damascus",0,0,0,1780000,85,8
"179",44,2012," Damascus",0,0,0,1780000,86,0
"180",45,2012," Damascus",8,1,4,1780000,87,0
"181",46,2012," Damascus",0,0,0,1780000,88,8
"182",47,2012," Damascus",0,0,0,1780000,89,0
"183",48,2012," Damascus",0,0,0,1780000,90,0
"184",12,2011," Damascus Suburbs",0,0,0,1877000,1,NA
"185",13,2011," Damascus Suburbs",0,0,0,1877000,2,0
"186",14,2011," Damascus Suburbs",0,0,0,1877000,3,0
"187",15,2011," Damascus Suburbs",0,0,0,1877000,4,0
"188",16,2011," Damascus Suburbs",0,0,0,1877000,5,0
"189",17,2011," Damascus Suburbs",0,0,0,1877000,6,0
"190",18,2011," Damascus Suburbs",0,0,0,1877000,7,0
"191",19,2011," Damascus Suburbs",0,0,0,1877000,8,0
"192",20,2011," Damascus Suburbs",0,0,0,1877000,9,0
"193",21,2011," Damascus Suburbs",0,0,0,1877000,10,0
"194",22,2011," Damascus Suburbs",0,0,0,1877000,11,0
"195",23,2011," Damascus Suburbs",0,0,0,1877000,12,0
"196",24,2011," Damascus Suburbs",0,0,0,1877000,13,0
"197",25,2011," Damascus Suburbs",0,0,0,1877000,14,0
"198",26,2011," Damascus Suburbs",0,0,0,1877000,15,0
"199",27,2011," Damascus Suburbs",0,0,0,1877000,16,0
"200",28,2011," Damascus Suburbs",0,0,0,1877000,17,0
"201",29,2011," Damascus Suburbs",0,0,0,1877000,18,0
"202",30,2011," Damascus Suburbs",0,0,0,1877000,19,0
"203",31,2011," Damascus Suburbs",0,0,0,1877000,20,0
"204",32,2011," Damascus Suburbs",0,0,0,1877000,21,0
"205",33,2011," Damascus Suburbs",0,0,0,1877000,22,0
"206",34,2011," Damascus Suburbs",0,0,0,1877000,23,0
"207",35,2011," Damascus Suburbs",0,0,0,1877000,24,0
"208",36,2011," Damascus Suburbs",0,0,0,1877000,25,0
"209",37,2011," Damascus Suburbs",0,0,0,1877000,26,0
"210",38,2011," Damascus Suburbs",1,1,1,1877000,27,0
"211",39,2011," Damascus Suburbs",0,0,0,1877000,28,1
"212",40,2011," Damascus Suburbs",0,0,0,1877000,29,0
"213",41,2011," Damascus Suburbs",0,0,0,1877000,30,0
"214",42,2011," Damascus Suburbs",0,0,0,1877000,31,0
"215",43,2011," Damascus Suburbs",0,0,0,1877000,32,0
"216",44,2011," Damascus Suburbs",0,0,0,1877000,33,0
"217",45,2011," Damascus Suburbs",0,0,0,1877000,34,0
"218",46,2011," Damascus Suburbs",0,0,0,1877000,35,0
"219",47,2011," Damascus Suburbs",0,0,0,1877000,36,0
"220",48,2011," Damascus Suburbs",0,0,0,1877000,37,0
"221",49,2011," Damascus Suburbs",0,0,0,1877000,38,0
"222",50,2011," Damascus Suburbs",0,0,0,1877000,39,0
"223",51,2011," Damascus Suburbs",0,0,0,1877000,40,0
"224",52,2011," Damascus Suburbs",0,0,0,1877000,41,0
"225",53,2011," Damascus Suburbs",0,0,0,1877000,42,0
"226",1,2012," Damascus Suburbs",0,0,0,1877000,43,0
"227",2,2012," Damascus Suburbs",1,1,3,1877000,44,0
"228",3,2012," Damascus Suburbs",0,0,0,1877000,45,1
"229",4,2012," Damascus Suburbs",0,0,0,1877000,46,0
"230",5,2012," Damascus Suburbs",1,1,1,1877000,47,0
"231",6,2012," Damascus Suburbs",1,7,12,1877000,48,1
"232",7,2012," Damascus Suburbs",1,2,3,1877000,49,1
"233",8,2012," Damascus Suburbs",1,1,3,1877000,50,1
"234",9,2012," Damascus Suburbs",1,1,2,1877000,51,1
"235",10,2012," Damascus Suburbs",3,1,7,1877000,52,1
"236",11,2012," Damascus Suburbs",0,0,0,1877000,53,3
"237",12,2012," Damascus Suburbs",1,2,7,1877000,54,0
"238",13,2012," Damascus Suburbs",1,3,2,1877000,55,1
"239",14,2012," Damascus Suburbs",0,0,0,1877000,56,1
"240",15,2012," Damascus Suburbs",2,3,4,1877000,57,0
"241",16,2012," Damascus Suburbs",0,0,0,1877000,58,2
"242",17,2012," Damascus Suburbs",1,2,5,1877000,59,0
"243",18,2012," Damascus Suburbs",0,0,0,1877000,60,1
"244",19,2012," Damascus Suburbs",3,2,4,1877000,61,0
"245",20,2012," Damascus Suburbs",3,1,7,1877000,62,3
"246",21,2012," Damascus Suburbs",0,0,0,1877000,63,3
"247",22,2012," Damascus Suburbs",0,0,0,1877000,64,0
"248",23,2012," Damascus Suburbs",0,0,0,1877000,65,0
"249",24,2012," Damascus Suburbs",7,12,1,1877000,66,0
"250",25,2012," Damascus Suburbs",6,4,11,1877000,67,7
"251",26,2012," Damascus Suburbs",14,14,20,1877000,68,6
"252",27,2012," Damascus Suburbs",14,4,11,1877000,69,14
"253",28,2012," Damascus Suburbs",6,3,10,1877000,70,14
"254",29,2012," Damascus Suburbs",5,10,22,1877000,71,6
"255",30,2012," Damascus Suburbs",19,4,15,1877000,72,5
"256",31,2012," Damascus Suburbs",22,5,7,1877000,73,19
"257",32,2012," Damascus Suburbs",15,4,22,1877000,74,22
"258",33,2012," Damascus Suburbs",48,5,7,1877000,75,15
"259",34,2012," Damascus Suburbs",53,3,16,1877000,76,48
"260",35,2012," Damascus Suburbs",60,3,21,1877000,77,53
"261",36,2012," Damascus Suburbs",76,1,29,1877000,78,60
"262",37,2012," Damascus Suburbs",62,3,10,1877000,79,76
"263",38,2012," Damascus Suburbs",31,1,10,1877000,80,62
"264",39,2012," Damascus Suburbs",38,4,8,1877000,81,31
"265",40,2012," Damascus Suburbs",30,1,14,1877000,82,38
"266",40,2012," Damascus Suburbs",19,1,1,1877000,82,30
"267",41,2012," Damascus Suburbs",56,1,13,1877000,83,19
"268",42,2012," Damascus Suburbs",21,5,20,1877000,84,56
"269",43,2012," Damascus Suburbs",28,3,35,1877000,85,21
"270",44,2012," Damascus Suburbs",4,2,20,1877000,86,28
"271",45,2012," Damascus Suburbs",34,3,22,1877000,87,4
"272",46,2012," Damascus Suburbs",34,8,20,1877000,88,34
"273",47,2012," Damascus Suburbs",0,0,0,1877000,89,34
"274",48,2012," Damascus Suburbs",16,5,33,1877000,90,0
"275",12,2011," Daraa",0,0,0,1126000,1,NA
"276",13,2011," Daraa",0,0,0,1126000,2,0
"277",14,2011," Daraa",0,0,0,1126000,3,0
"278",15,2011," Daraa",0,0,0,1126000,4,0
"279",16,2011," Daraa",0,0,0,1126000,5,0
"280",17,2011," Daraa",0,0,0,1126000,6,0
"281",18,2011," Daraa",0,0,0,1126000,7,0
"282",19,2011," Daraa",0,0,0,1126000,8,0
"283",20,2011," Daraa",0,0,0,1126000,9,0
"284",21,2011," Daraa",0,0,0,1126000,10,0
"285",22,2011," Daraa",0,0,0,1126000,11,0
"286",23,2011," Daraa",0,0,0,1126000,12,0
"287",24,2011," Daraa",0,0,0,1126000,13,0
"288",25,2011," Daraa",0,0,0,1126000,14,0
"289",26,2011," Daraa",0,0,0,1126000,15,0
"290",27,2011," Daraa",0,0,0,1126000,16,0
"291",28,2011," Daraa",0,0,0,1126000,17,0
"292",29,2011," Daraa",0,0,0,1126000,18,0
"293",30,2011," Daraa",0,0,0,1126000,19,0
"294",31,2011," Daraa",0,0,0,1126000,20,0
"295",32,2011," Daraa",0,0,0,1126000,21,0
"296",33,2011," Daraa",0,0,0,1126000,22,0
"297",34,2011," Daraa",0,0,0,1126000,23,0
"298",35,2011," Daraa",0,0,0,1126000,24,0
"299",36,2011," Daraa",0,0,0,1126000,25,0
"300",37,2011," Daraa",0,0,0,1126000,26,0
"301",38,2011," Daraa",0,0,0,1126000,27,0
"302",39,2011," Daraa",0,0,0,1126000,28,0
"303",40,2011," Daraa",0,0,0,1126000,29,0
"304",41,2011," Daraa",0,0,0,1126000,30,0
"305",42,2011," Daraa",0,0,0,1126000,31,0
"306",43,2011," Daraa",0,0,0,1126000,32,0
"307",44,2011," Daraa",0,0,0,1126000,33,0
"308",45,2011," Daraa",0,0,0,1126000,34,0
"309",46,2011," Daraa",0,0,0,1126000,35,0
"310",47,2011," Daraa",0,0,0,1126000,36,0
"311",48,2011," Daraa",0,0,0,1126000,37,0
"312",49,2011," Daraa",0,0,0,1126000,38,0
"313",50,2011," Daraa",2,1,4,1126000,39,0
"314",51,2011," Daraa",1,1,2,1126000,40,2
"315",52,2011," Daraa",1,4,2,1126000,41,1
"316",53,2011," Daraa",0,0,0,1126000,42,1
"317",1,2012," Daraa",0,0,0,1126000,43,0
"318",2,2012," Daraa",0,0,0,1126000,44,0
"319",3,2012," Daraa",0,0,0,1126000,45,0
"320",4,2012," Daraa",0,0,0,1126000,46,0
"321",5,2012," Daraa",0,0,0,1126000,47,0
"322",6,2012," Daraa",0,0,0,1126000,48,0
"323",7,2012," Daraa",1,4,9,1126000,49,0
"324",8,2012," Daraa",0,0,0,1126000,50,1
"325",9,2012," Daraa",0,0,0,1126000,51,0
"326",10,2012," Daraa",0,0,0,1126000,52,0
"327",11,2012," Daraa",2,1,5,1126000,53,0
"328",12,2012," Daraa",0,0,0,1126000,54,2
"329",13,2012," Daraa",0,0,0,1126000,55,0
"330",14,2012," Daraa",3,1,4,1126000,56,0
"331",14,2012," Daraa",1,1,3,1126000,56,3
"332",15,2012," Daraa",0,0,0,1126000,57,1
"333",16,2012," Daraa",1,1,2,1126000,58,0
"334",17,2012," Daraa",2,3,1,1126000,59,1
"335",18,2012," Daraa",0,0,0,1126000,60,2
"336",19,2012," Daraa",0,0,0,1126000,61,0
"337",20,2012," Daraa",1,2,2,1126000,62,0
"338",21,2012," Daraa",0,0,0,1126000,63,1
"339",22,2012," Daraa",4,2,6,1126000,64,0
"340",23,2012," Daraa",1,2,2,1126000,65,4
"341",24,2012," Daraa",1,2,9,1126000,66,1
"342",25,2012," Daraa",5,3,10,1126000,67,1
"343",26,2012," Daraa",3,8,16,1126000,68,5
"344",27,2012," Daraa",0,0,0,1126000,69,3
"345",28,2012," Daraa",0,0,0,1126000,70,0
"346",29,2012," Daraa",0,0,0,1126000,71,0
"347",30,2012," Daraa",4,1,18,1126000,72,0
"348",31,2012," Daraa",1,2,3,1126000,73,4
"349",32,2012," Daraa",5,1,6,1126000,74,1
"350",33,2012," Daraa",0,0,0,1126000,75,5
"351",34,2012," Daraa",32,1,19,1126000,76,0
"352",35,2012," Daraa",17,4,9,1126000,77,32
"353",36,2012," Daraa",15,2,12,1126000,78,17
"354",37,2012," Daraa",18,1,8,1126000,79,15
"355",38,2012," Daraa",0,0,0,1126000,80,18
"356",39,2012," Daraa",15,1,13,1126000,81,0
"357",40,2012," Daraa",0,0,0,1126000,82,15
"358",41,2012," Daraa",0,0,0,1126000,83,0
"359",42,2012," Daraa",14,1,8,1126000,84,0
"360",43,2012," Daraa",0,0,0,1126000,85,14
"361",44,2012," Daraa",3,2,1,1126000,86,0
"362",45,2012," Daraa",10,1,12,1126000,87,3
"363",46,2012," Daraa",9,2,6,1126000,88,10
"364",47,2012," Daraa",0,0,0,1126000,89,9
"365",48,2012," Daraa",6,1,8,1126000,90,0
"366",12,2011," Deir Ezzor",0,0,0,1692000,1,NA
"367",13,2011," Deir Ezzor",0,0,0,1692000,2,0
"368",14,2011," Deir Ezzor",0,0,0,1692000,3,0
"369",15,2011," Deir Ezzor",0,0,0,1692000,4,0
"370",16,2011," Deir Ezzor",0,0,0,1692000,5,0
"371",17,2011," Deir Ezzor",0,0,0,1692000,6,0
"372",18,2011," Deir Ezzor",0,0,0,1692000,7,0
"373",19,2011," Deir Ezzor",0,0,0,1692000,8,0
"374",20,2011," Deir Ezzor",0,0,0,1692000,9,0
"375",21,2011," Deir Ezzor",0,0,0,1692000,10,0
"376",22,2011," Deir Ezzor",0,0,0,1692000,11,0
"377",23,2011," Deir Ezzor",0,0,0,1692000,12,0
"378",24,2011," Deir Ezzor",0,0,0,1692000,13,0
"379",25,2011," Deir Ezzor",0,0,0,1692000,14,0
"380",26,2011," Deir Ezzor",0,0,0,1692000,15,0
"381",27,2011," Deir Ezzor",0,0,0,1692000,16,0
"382",28,2011," Deir Ezzor",0,0,0,1692000,17,0
"383",29,2011," Deir Ezzor",0,0,0,1692000,18,0
"384",30,2011," Deir Ezzor",0,0,0,1692000,19,0
"385",31,2011," Deir Ezzor",0,0,0,1692000,20,0
"386",32,2011," Deir Ezzor",0,0,0,1692000,21,0
"387",33,2011," Deir Ezzor",0,0,0,1692000,22,0
"388",34,2011," Deir Ezzor",0,0,0,1692000,23,0
"389",35,2011," Deir Ezzor",0,0,0,1692000,24,0
"390",36,2011," Deir Ezzor",0,0,0,1692000,25,0
"391",37,2011," Deir Ezzor",0,0,0,1692000,26,0
"392",38,2011," Deir Ezzor",0,0,0,1692000,27,0
"393",39,2011," Deir Ezzor",0,0,0,1692000,28,0
"394",40,2011," Deir Ezzor",0,0,0,1692000,29,0
"395",41,2011," Deir Ezzor",0,0,0,1692000,30,0
"396",42,2011," Deir Ezzor",0,0,0,1692000,31,0
"397",43,2011," Deir Ezzor",0,0,0,1692000,32,0
"398",44,2011," Deir Ezzor",0,0,0,1692000,33,0
"399",45,2011," Deir Ezzor",0,0,0,1692000,34,0
"400",46,2011," Deir Ezzor",0,0,0,1692000,35,0
"401",47,2011," Deir Ezzor",0,0,0,1692000,36,0
"402",48,2011," Deir Ezzor",1,1,1,1692000,37,0
"403",49,2011," Deir Ezzor",0,0,0,1692000,38,1
"404",50,2011," Deir Ezzor",0,0,0,1692000,39,0
"405",51,2011," Deir Ezzor",0,0,0,1692000,40,0
"406",52,2011," Deir Ezzor",0,0,0,1692000,41,0
"407",53,2011," Deir Ezzor",0,0,0,1692000,42,0
"408",1,2012," Deir Ezzor",0,0,0,1692000,43,0
"409",2,2012," Deir Ezzor",0,0,0,1692000,44,0
"410",3,2012," Deir Ezzor",0,0,0,1692000,45,0
"411",4,2012," Deir Ezzor",0,0,0,1692000,46,0
"412",5,2012," Deir Ezzor",0,0,0,1692000,47,0
"413",6,2012," Deir Ezzor",0,0,0,1692000,48,0
"414",7,2012," Deir Ezzor",2,2,1,1692000,49,0
"415",8,2012," Deir Ezzor",0,0,0,1692000,50,2
"416",9,2012," Deir Ezzor",1,4,1,1692000,51,0
"417",10,2012," Deir Ezzor",0,0,0,1692000,52,1
"418",11,2012," Deir Ezzor",0,0,0,1692000,53,0
"419",12,2012," Deir Ezzor",0,0,0,1692000,54,0
"420",13,2012," Deir Ezzor",0,0,0,1692000,55,0
"421",14,2012," Deir Ezzor",0,0,0,1692000,56,0
"422",15,2012," Deir Ezzor",0,0,0,1692000,57,0
"423",16,2012," Deir Ezzor",0,0,0,1692000,58,0
"424",17,2012," Deir Ezzor",0,0,0,1692000,59,0
"425",18,2012," Deir Ezzor",0,0,0,1692000,60,0
"426",19,2012," Deir Ezzor",0,0,0,1692000,61,0
"427",20,2012," Deir Ezzor",1,7,3,1692000,62,0
"428",21,2012," Deir Ezzor",1,3,1,1692000,63,1
"429",22,2012," Deir Ezzor",1,1,3,1692000,64,1
"430",23,2012," Deir Ezzor",0,0,0,1692000,65,1
"431",24,2012," Deir Ezzor",0,0,0,1692000,66,0
"432",25,2012," Deir Ezzor",0,0,0,1692000,67,0
"433",26,2012," Deir Ezzor",2,11,8,1692000,68,0
"434",27,2012," Deir Ezzor",0,0,0,1692000,69,2
"435",28,2012," Deir Ezzor",0,0,0,1692000,70,0
"436",29,2012," Deir Ezzor",1,5,6,1692000,71,0
"437",30,2012," Deir Ezzor",2,9,11,1692000,72,1
"438",31,2012," Deir Ezzor",5,1,9,1692000,73,2
"439",32,2012," Deir Ezzor",0,0,0,1692000,74,5
"440",33,2012," Deir Ezzor",1,3,5,1692000,75,0
"441",34,2012," Deir Ezzor",2,2,9,1692000,76,1
"442",35,2012," Deir Ezzor",2,2,1,1692000,77,2
"443",36,2012," Deir Ezzor",3,1,16,1692000,78,2
"444",37,2012," Deir Ezzor",0,0,0,1692000,79,3
"445",38,2012," Deir Ezzor",1,1,3,1692000,80,0
"446",39,2012," Deir Ezzor",47,1,15,1692000,81,1
"447",40,2012," Deir Ezzor",0,0,0,1692000,82,47
"448",41,2012," Deir Ezzor",17,2,10,1692000,83,0
"449",42,2012," Deir Ezzor",3,1,10,1692000,84,17
"450",43,2012," Deir Ezzor",0,0,0,1692000,85,3
"451",44,2012," Deir Ezzor",1,2,10,1692000,86,0
"452",45,2012," Deir Ezzor",0,0,0,1692000,87,1
"453",46,2012," Deir Ezzor",1,1,13,1692000,88,0
"454",47,2012," Deir Ezzor",0,0,0,1692000,89,1
"455",48,2012," Deir Ezzor",0,0,0,1692000,90,0
"456",12,2011," Hama",0,0,0,2113000,1,NA
"457",13,2011," Hama",0,0,0,2113000,2,0
"458",14,2011," Hama",0,0,0,2113000,3,0
"459",15,2011," Hama",0,0,0,2113000,4,0
"460",16,2011," Hama",0,0,0,2113000,5,0
"461",17,2011," Hama",0,0,0,2113000,6,0
"462",18,2011," Hama",0,0,0,2113000,7,0
"463",19,2011," Hama",0,0,0,2113000,8,0
"464",20,2011," Hama",0,0,0,2113000,9,0
"465",21,2011," Hama",0,0,0,2113000,10,0
"466",22,2011," Hama",0,0,0,2113000,11,0
"467",23,2011," Hama",0,0,0,2113000,12,0
"468",24,2011," Hama",0,0,0,2113000,13,0
"469",25,2011," Hama",0,0,0,2113000,14,0
"470",26,2011," Hama",0,0,0,2113000,15,0
"471",27,2011," Hama",1,1,1,2113000,16,0
"472",28,2011," Hama",0,0,0,2113000,17,1
"473",29,2011," Hama",0,0,0,2113000,18,0
"474",30,2011," Hama",0,0,0,2113000,19,0
"475",31,2011," Hama",0,0,0,2113000,20,0
"476",32,2011," Hama",0,0,0,2113000,21,0
"477",33,2011," Hama",0,0,0,2113000,22,0
"478",34,2011," Hama",1,5,2,2113000,23,0
"479",35,2011," Hama",0,0,0,2113000,24,1
"480",36,2011," Hama",0,0,0,2113000,25,0
"481",37,2011," Hama",0,0,0,2113000,26,0
"482",38,2011," Hama",0,0,0,2113000,27,0
"483",39,2011," Hama",1,2,2,2113000,28,0
"484",40,2011," Hama",0,0,0,2113000,29,1
"485",41,2011," Hama",0,0,0,2113000,30,0
"486",42,2011," Hama",0,0,0,2113000,31,0
"487",43,2011," Hama",0,0,0,2113000,32,0
"488",44,2011," Hama",0,0,0,2113000,33,0
"489",45,2011," Hama",0,0,0,2113000,34,0
"490",46,2011," Hama",0,0,0,2113000,35,0
"491",47,2011," Hama",0,0,0,2113000,36,0
"492",48,2011," Hama",1,11,1,2113000,37,0
"493",49,2011," Hama",0,0,0,2113000,38,1
"494",50,2011," Hama",3,11,4,2113000,39,0
"495",51,2011," Hama",0,0,0,2113000,40,3
"496",52,2011," Hama",0,0,0,2113000,41,0
"497",53,2011," Hama",0,0,0,2113000,42,0
"498",1,2012," Hama",0,0,0,2113000,43,0
"499",2,2012," Hama",0,0,0,2113000,44,0
"500",3,2012," Hama",1,8,1,2113000,45,0
"501",4,2012," Hama",0,0,0,2113000,46,1
"502",5,2012," Hama",1,13,2,2113000,47,0
"503",6,2012," Hama",0,0,0,2113000,48,1
"504",7,2012," Hama",0,0,0,2113000,49,0
"505",8,2012," Hama",6,11,1,2113000,50,0
"506",9,2012," Hama",0,0,0,2113000,51,6
"507",10,2012," Hama",0,0,0,2113000,52,0
"508",11,2012," Hama",0,0,0,2113000,53,0
"509",12,2012," Hama",1,11,5,2113000,54,0
"510",13,2012," Hama",3,4,1,2113000,55,1
"511",14,2012," Hama",4,4,7,2113000,56,3
"512",15,2012," Hama",0,0,0,2113000,57,4
"513",16,2012," Hama",0,0,0,2113000,58,0
"514",17,2012," Hama",1,4,1,2113000,59,0
"515",18,2012," Hama",1,4,1,2113000,60,1
"516",19,2012," Hama",3,7,1,2113000,61,1
"517",20,2012," Hama",1,6,5,2113000,62,3
"518",21,2012," Hama",21,9,4,2113000,63,1
"519",22,2012," Hama",1,11,2,2113000,64,21
"520",23,2012," Hama",27,14,1,2113000,65,1
"521",24,2012," Hama",0,0,0,2113000,66,27
"522",25,2012," Hama",0,0,0,2113000,67,0
"523",26,2012," Hama",1,22,4,2113000,68,0
"524",27,2012," Hama",2,8,1,2113000,69,1
"525",27,2012," Hama",1,3,2,2113000,69,2
"526",28,2012," Hama",5,9,2,2113000,70,1
"527",29,2012," Hama",2,19,9,2113000,71,5
"528",30,2012," Hama",1,17,7,2113000,72,2
"529",31,2012," Hama",3,8,2,2113000,73,1
"530",31,2012," Hama",1,5,2,2113000,73,3
"531",32,2012," Hama",0,0,0,2113000,74,1
"532",33,2012," Hama",1,12,2,2113000,75,0
"533",34,2012," Hama",0,0,0,2113000,76,1
"534",35,2012," Hama",10,19,7,2113000,77,0
"535",36,2012," Hama",11,7,7,2113000,78,10
"536",37,2012," Hama",10,8,6,2113000,79,11
"537",38,2012," Hama",8,9,4,2113000,80,10
"538",39,2012," Hama",19,8,9,2113000,81,8
"539",40,2012," Hama",0,0,0,2113000,82,19
"540",41,2012," Hama",5,13,11,2113000,83,0
"541",42,2012," Hama",3,9,9,2113000,84,5
"542",43,2012," Hama",4,10,2,2113000,85,3
"543",44,2012," Hama",1,4,5,2113000,86,4
"544",44,2012," Hama",6,5,1,2113000,86,1
"545",45,2012," Hama",2,6,6,2113000,87,6
"546",46,2012," Hama",1,12,2,2113000,88,2
"547",47,2012," Hama",2,10,5,2113000,89,1
"548",48,2012," Hama",0,0,0,2113000,90,2
"549",12,2011," Hasakeh",0,0,0,1604000,1,NA
"550",13,2011," Hasakeh",0,0,0,1604000,2,0
"551",14,2011," Hasakeh",0,0,0,1604000,3,0
"552",15,2011," Hasakeh",0,0,0,1604000,4,0
"553",16,2011," Hasakeh",0,0,0,1604000,5,0
"554",17,2011," Hasakeh",0,0,0,1604000,6,0
"555",18,2011," Hasakeh",0,0,0,1604000,7,0
"556",19,2011," Hasakeh",0,0,0,1604000,8,0
"557",20,2011," Hasakeh",0,0,0,1604000,9,0
"558",21,2011," Hasakeh",0,0,0,1604000,10,0
"559",22,2011," Hasakeh",0,0,0,1604000,11,0
"560",23,2011," Hasakeh",0,0,0,1604000,12,0
"561",24,2011," Hasakeh",0,0,0,1604000,13,0
"562",25,2011," Hasakeh",0,0,0,1604000,14,0
"563",26,2011," Hasakeh",0,0,0,1604000,15,0
"564",27,2011," Hasakeh",0,0,0,1604000,16,0
"565",28,2011," Hasakeh",0,0,0,1604000,17,0
"566",29,2011," Hasakeh",0,0,0,1604000,18,0
"567",30,2011," Hasakeh",0,0,0,1604000,19,0
"568",31,2011," Hasakeh",0,0,0,1604000,20,0
"569",32,2011," Hasakeh",0,0,0,1604000,21,0
"570",33,2011," Hasakeh",0,0,0,1604000,22,0
"571",34,2011," Hasakeh",0,0,0,1604000,23,0
"572",35,2011," Hasakeh",0,0,0,1604000,24,0
"573",36,2011," Hasakeh",0,0,0,1604000,25,0
"574",37,2011," Hasakeh",0,0,0,1604000,26,0
"575",38,2011," Hasakeh",0,0,0,1604000,27,0
"576",39,2011," Hasakeh",0,0,0,1604000,28,0
"577",40,2011," Hasakeh",0,0,0,1604000,29,0
"578",41,2011," Hasakeh",0,0,0,1604000,30,0
"579",42,2011," Hasakeh",0,0,0,1604000,31,0
"580",43,2011," Hasakeh",0,0,0,1604000,32,0
"581",44,2011," Hasakeh",0,0,0,1604000,33,0
"582",45,2011," Hasakeh",0,0,0,1604000,34,0
"583",46,2011," Hasakeh",0,0,0,1604000,35,0
"584",47,2011," Hasakeh",0,0,0,1604000,36,0
"585",48,2011," Hasakeh",0,0,0,1604000,37,0
"586",49,2011," Hasakeh",0,0,0,1604000,38,0
"587",50,2011," Hasakeh",0,0,0,1604000,39,0
"588",51,2011," Hasakeh",0,0,0,1604000,40,0
"589",52,2011," Hasakeh",0,0,0,1604000,41,0
"590",53,2011," Hasakeh",0,0,0,1604000,42,0
"591",1,2012," Hasakeh",0,0,0,1604000,43,0
"592",2,2012," Hasakeh",0,0,0,1604000,44,0
"593",3,2012," Hasakeh",0,0,0,1604000,45,0
"594",4,2012," Hasakeh",0,0,0,1604000,46,0
"595",5,2012," Hasakeh",0,0,0,1604000,47,0
"596",6,2012," Hasakeh",0,0,0,1604000,48,0
"597",7,2012," Hasakeh",0,0,0,1604000,49,0
"598",8,2012," Hasakeh",0,0,0,1604000,50,0
"599",9,2012," Hasakeh",0,0,0,1604000,51,0
"600",10,2012," Hasakeh",0,0,0,1604000,52,0
"601",11,2012," Hasakeh",0,0,0,1604000,53,0
"602",12,2012," Hasakeh",0,0,0,1604000,54,0
"603",13,2012," Hasakeh",0,0,0,1604000,55,0
"604",14,2012," Hasakeh",0,0,0,1604000,56,0
"605",15,2012," Hasakeh",0,0,0,1604000,57,0
"606",16,2012," Hasakeh",0,0,0,1604000,58,0
"607",17,2012," Hasakeh",0,0,0,1604000,59,0
"608",18,2012," Hasakeh",0,0,0,1604000,60,0
"609",19,2012," Hasakeh",0,0,0,1604000,61,0
"610",20,2012," Hasakeh",0,0,0,1604000,62,0
"611",21,2012," Hasakeh",0,0,0,1604000,63,0
"612",22,2012," Hasakeh",0,0,0,1604000,64,0
"613",23,2012," Hasakeh",0,0,0,1604000,65,0
"614",24,2012," Hasakeh",0,0,0,1604000,66,0
"615",25,2012," Hasakeh",0,0,0,1604000,67,0
"616",26,2012," Hasakeh",0,0,0,1604000,68,0
"617",27,2012," Hasakeh",0,0,0,1604000,69,0
"618",28,2012," Hasakeh",0,0,0,1604000,70,0
"619",29,2012," Hasakeh",0,0,0,1604000,71,0
"620",30,2012," Hasakeh",0,0,0,1604000,72,0
"621",31,2012," Hasakeh",0,0,0,1604000,73,0
"622",32,2012," Hasakeh",0,0,0,1604000,74,0
"623",33,2012," Hasakeh",0,0,0,1604000,75,0
"624",34,2012," Hasakeh",0,0,0,1604000,76,0
"625",35,2012," Hasakeh",0,0,0,1604000,77,0
"626",36,2012," Hasakeh",0,0,0,1604000,78,0
"627",37,2012," Hasakeh",0,0,0,1604000,79,0
"628",38,2012," Hasakeh",0,0,0,1604000,80,0
"629",39,2012," Hasakeh",0,0,0,1604000,81,0
"630",40,2012," Hasakeh",0,0,0,1604000,82,0
"631",41,2012," Hasakeh",0,0,0,1604000,83,0
"632",42,2012," Hasakeh",0,0,0,1604000,84,0
"633",43,2012," Hasakeh",0,0,0,1604000,85,0
"634",44,2012," Hasakeh",0,0,0,1604000,86,0
"635",45,2012," Hasakeh",0,0,0,1604000,87,0
"636",46,2012," Hasakeh",0,0,0,1604000,88,0
"637",47,2012," Hasakeh",0,0,0,1604000,89,0
"638",48,2012," Hasakeh",0,0,0,1604000,90,0
"639",12,2011," Homs",0,0,0,2147000,1,NA
"640",13,2011," Homs",0,0,0,2147000,2,0
"641",14,2011," Homs",0,0,0,2147000,3,0
"642",15,2011," Homs",0,0,0,2147000,4,0
"643",16,2011," Homs",1,5,1,2147000,5,0
"644",17,2011," Homs",0,0,0,2147000,6,1
"645",18,2011," Homs",0,0,0,2147000,7,0
"646",19,2011," Homs",0,0,0,2147000,8,0
"647",20,2011," Homs",0,0,0,2147000,9,0
"648",21,2011," Homs",0,0,0,2147000,10,0
"649",22,2011," Homs",0,0,0,2147000,11,0
"650",23,2011," Homs",1,6,1,2147000,12,0
"651",24,2011," Homs",0,0,0,2147000,13,1
"652",25,2011," Homs",0,0,0,2147000,14,0
"653",26,2011," Homs",0,0,0,2147000,15,0
"654",27,2011," Homs",0,0,0,2147000,16,0
"655",28,2011," Homs",0,0,0,2147000,17,0
"656",29,2011," Homs",0,0,0,2147000,18,0
"657",30,2011," Homs",0,0,0,2147000,19,0
"658",31,2011," Homs",0,0,0,2147000,20,0
"659",32,2011," Homs",4,1,3,2147000,21,0
"660",33,2011," Homs",0,0,0,2147000,22,4
"661",34,2011," Homs",0,0,0,2147000,23,0
"662",35,2011," Homs",0,0,0,2147000,24,0
"663",36,2011," Homs",1,10,2,2147000,25,0
"664",37,2011," Homs",5,5,2,2147000,26,1
"665",38,2011," Homs",1,4,1,2147000,27,5
"666",39,2011," Homs",1,7,9,2147000,28,1
"667",40,2011," Homs",5,4,2,2147000,29,1
"668",41,2011," Homs",0,0,0,2147000,30,5
"669",42,2011," Homs",0,0,0,2147000,31,0
"670",43,2011," Homs",0,0,0,2147000,32,0
"671",44,2011," Homs",1,3,1,2147000,33,0
"672",45,2011," Homs",7,5,1,2147000,34,1
"673",46,2011," Homs",4,5,3,2147000,35,7
"674",47,2011," Homs",5,13,5,2147000,36,4
"675",48,2011," Homs",1,1,1,2147000,37,5
"676",49,2011," Homs",9,4,1,2147000,38,1
"677",50,2011," Homs",1,5,1,2147000,39,9
"678",51,2011," Homs",6,4,2,2147000,40,1
"679",52,2011," Homs",6,5,1,2147000,41,6
"680",53,2011," Homs",1,1,1,2147000,42,6
"681",1,2012," Homs",0,0,0,2147000,43,1
"682",2,2012," Homs",2,1,5,2147000,44,0
"683",3,2012," Homs",2,5,2,2147000,45,2
"684",4,2012," Homs",7,10,1,2147000,46,2
"685",5,2012," Homs",3,1,6,2147000,47,7
"686",6,2012," Homs",10,22,4,2147000,48,3
"687",7,2012," Homs",2,9,7,2147000,49,10
"688",8,2012," Homs",2,9,4,2147000,50,2
"689",9,2012," Homs",4,9,6,2147000,51,2
"690",9,2012," Homs",6,1,1,2147000,51,4
"691",10,2012," Homs",47,4,5,2147000,52,6
"692",11,2012," Homs",52,7,5,2147000,53,47
"693",12,2012," Homs",7,4,8,2147000,54,52
"694",13,2012," Homs",15,7,4,2147000,55,7
"695",14,2012," Homs",6,4,4,2147000,56,15
"696",14,2012," Homs",1,1,1,2147000,56,6
"697",15,2012," Homs",68,5,5,2147000,57,1
"698",16,2012," Homs",3,2,5,2147000,58,68
"699",17,2012," Homs",11,6,5,2147000,59,3
"700",18,2012," Homs",3,2,4,2147000,60,11
"701",18,2012," Homs",2,4,1,2147000,60,3
"702",19,2012," Homs",5,5,2,2147000,61,2
"703",20,2012," Homs",13,7,3,2147000,62,5
"704",21,2012," Homs",45,8,3,2147000,63,13
"705",22,2012," Homs",7,10,16,2147000,64,45
"706",23,2012," Homs",4,10,5,2147000,65,7
"707",24,2012," Homs",7,13,13,2147000,66,4
"708",25,2012," Homs",2,12,10,2147000,67,7
"709",26,2012," Homs",5,12,10,2147000,68,2
"710",27,2012," Homs",4,2,11,2147000,69,5
"711",28,2012," Homs",0,0,0,2147000,70,4
"712",29,2012," Homs",2,13,23,2147000,71,0
"713",30,2012," Homs",6,18,18,2147000,72,2
"714",31,2012," Homs",3,4,12,2147000,73,6
"715",32,2012," Homs",3,9,10,2147000,74,3
"716",33,2012," Homs",11,15,15,2147000,75,3
"717",34,2012," Homs",1,4,12,2147000,76,11
"718",35,2012," Homs",3,10,13,2147000,77,1
"719",36,2012," Homs",2,7,7,2147000,78,3
"720",37,2012," Homs",3,5,2,2147000,79,2
"721",38,2012," Homs",2,6,17,2147000,80,3
"722",39,2012," Homs",5,9,16,2147000,81,2
"723",40,2012," Homs",1,6,5,2147000,82,5
"724",41,2012," Homs",1,8,20,2147000,83,1
"725",42,2012," Homs",3,6,11,2147000,84,1
"726",43,2012," Homs",0,0,0,2147000,85,3
"727",44,2012," Homs",1,4,15,2147000,86,0
"728",45,2012," Homs",2,9,11,2147000,87,1
"729",46,2012," Homs",0,0,0,2147000,88,2
"730",47,2012," Homs",2,10,2,2147000,89,0
"731",48,2012," Homs",2,10,8,2147000,90,2
"732",12,2011," Idlib",0,0,0,2072000,1,NA
"733",13,2011," Idlib",0,0,0,2072000,2,0
"734",14,2011," Idlib",0,0,0,2072000,3,0
"735",15,2011," Idlib",0,0,0,2072000,4,0
"736",16,2011," Idlib",0,0,0,2072000,5,0
"737",17,2011," Idlib",0,0,0,2072000,6,0
"738",18,2011," Idlib",0,0,0,2072000,7,0
"739",19,2011," Idlib",0,0,0,2072000,8,0
"740",20,2011," Idlib",0,0,0,2072000,9,0
"741",21,2011," Idlib",0,0,0,2072000,10,0
"742",22,2011," Idlib",0,0,0,2072000,11,0
"743",23,2011," Idlib",0,0,0,2072000,12,0
"744",24,2011," Idlib",0,0,0,2072000,13,0
"745",25,2011," Idlib",0,0,0,2072000,14,0
"746",26,2011," Idlib",0,0,0,2072000,15,0
"747",27,2011," Idlib",0,0,0,2072000,16,0
"748",28,2011," Idlib",0,0,0,2072000,17,0
"749",29,2011," Idlib",0,0,0,2072000,18,0
"750",30,2011," Idlib",0,0,0,2072000,19,0
"751",31,2011," Idlib",0,0,0,2072000,20,0
"752",32,2011," Idlib",0,0,0,2072000,21,0
"753",33,2011," Idlib",0,0,0,2072000,22,0
"754",34,2011," Idlib",0,0,0,2072000,23,0
"755",35,2011," Idlib",0,0,0,2072000,24,0
"756",36,2011," Idlib",3,1,3,2072000,25,0
"757",37,2011," Idlib",0,0,0,2072000,26,3
"758",38,2011," Idlib",3,2,1,2072000,27,0
"759",39,2011," Idlib",0,0,0,2072000,28,3
"760",40,2011," Idlib",0,0,0,2072000,29,0
"761",41,2011," Idlib",0,0,0,2072000,30,0
"762",42,2011," Idlib",0,0,0,2072000,31,0
"763",43,2011," Idlib",0,0,0,2072000,32,0
"764",44,2011," Idlib",0,0,0,2072000,33,0
"765",45,2011," Idlib",0,0,0,2072000,34,0
"766",46,2011," Idlib",1,5,3,2072000,35,0
"767",47,2011," Idlib",0,0,0,2072000,36,1
"768",48,2011," Idlib",0,0,0,2072000,37,0
"769",49,2011," Idlib",0,0,0,2072000,38,0
"770",50,2011," Idlib",0,0,0,2072000,39,0
"771",51,2011," Idlib",4,2,13,2072000,40,0
"772",52,2011," Idlib",0,0,0,2072000,41,4
"773",53,2011," Idlib",0,0,0,2072000,42,0
"774",1,2012," Idlib",0,0,0,2072000,43,0
"775",2,2012," Idlib",0,0,0,2072000,44,0
"776",3,2012," Idlib",0,0,0,2072000,45,0
"777",4,2012," Idlib",3,3,3,2072000,46,0
"778",5,2012," Idlib",2,3,1,2072000,47,3
"779",5,2012," Idlib",1,2,3,2072000,47,2
"780",6,2012," Idlib",3,6,5,2072000,48,1
"781",7,2012," Idlib",14,8,3,2072000,49,3
"782",8,2012," Idlib",23,3,2,2072000,50,14
"783",9,2012," Idlib",0,0,0,2072000,51,23
"784",10,2012," Idlib",5,4,2,2072000,52,0
"785",11,2012," Idlib",19,2,14,2072000,53,5
"786",12,2012," Idlib",5,5,7,2072000,54,19
"787",13,2012," Idlib",0,0,0,2072000,55,5
"788",14,2012," Idlib",7,3,5,2072000,56,0
"789",15,2012," Idlib",4,1,5,2072000,57,7
"790",16,2012," Idlib",2,3,21,2072000,58,4
"791",17,2012," Idlib",2,2,2,2072000,59,2
"792",18,2012," Idlib",1,5,4,2072000,60,2
"793",18,2012," Idlib",3,2,1,2072000,60,1
"794",19,2012," Idlib",0,0,0,2072000,61,3
"795",20,2012," Idlib",1,1,7,2072000,62,0
"796",21,2012," Idlib",3,4,6,2072000,63,1
"797",22,2012," Idlib",0,0,0,2072000,64,3
"798",23,2012," Idlib",4,2,6,2072000,65,0
"799",24,2012," Idlib",1,8,8,2072000,66,4
"800",25,2012," Idlib",1,4,3,2072000,67,1
"801",26,2012," Idlib",0,0,0,2072000,68,1
"802",27,2012," Idlib",0,0,0,2072000,69,0
"803",28,2012," Idlib",1,4,8,2072000,70,0
"804",29,2012," Idlib",4,4,12,2072000,71,1
"805",30,2012," Idlib",3,5,7,2072000,72,4
"806",31,2012," Idlib",2,3,5,2072000,73,3
"807",31,2012," Idlib",5,2,10,2072000,73,2
"808",32,2012," Idlib",1,2,21,2072000,74,5
"809",33,2012," Idlib",20,2,22,2072000,75,1
"810",34,2012," Idlib",4,1,6,2072000,76,20
"811",35,2012," Idlib",0,0,0,2072000,77,4
"812",36,2012," Idlib",4,1,19,2072000,78,0
"813",37,2012," Idlib",6,4,14,2072000,79,4
"814",38,2012," Idlib",0,0,0,2072000,80,6
"815",39,2012," Idlib",2,4,4,2072000,81,0
"816",40,2012," Idlib",1,2,12,2072000,82,2
"817",41,2012," Idlib",7,1,35,2072000,83,1
"818",42,2012," Idlib",4,2,29,2072000,84,7
"819",43,2012," Idlib",4,5,21,2072000,85,4
"820",44,2012," Idlib",0,0,0,2072000,86,4
"821",45,2012," Idlib",1,8,24,2072000,87,0
"822",46,2012," Idlib",3,3,9,2072000,88,1
"823",47,2012," Idlib",1,3,18,2072000,89,3
"824",48,2012," Idlib",1,6,15,2072000,90,1
"825",12,2011," Lattakia",0,0,0,1229000,1,NA
"826",13,2011," Lattakia",0,0,0,1229000,2,0
"827",14,2011," Lattakia",0,0,0,1229000,3,0
"828",15,2011," Lattakia",0,0,0,1229000,4,0
"829",16,2011," Lattakia",0,0,0,1229000,5,0
"830",17,2011," Lattakia",0,0,0,1229000,6,0
"831",18,2011," Lattakia",0,0,0,1229000,7,0
"832",19,2011," Lattakia",0,0,0,1229000,8,0
"833",20,2011," Lattakia",0,0,0,1229000,9,0
"834",21,2011," Lattakia",0,0,0,1229000,10,0
"835",22,2011," Lattakia",0,0,0,1229000,11,0
"836",23,2011," Lattakia",0,0,0,1229000,12,0
"837",24,2011," Lattakia",0,0,0,1229000,13,0
"838",25,2011," Lattakia",0,0,0,1229000,14,0
"839",26,2011," Lattakia",0,0,0,1229000,15,0
"840",27,2011," Lattakia",0,0,0,1229000,16,0
"841",28,2011," Lattakia",0,0,0,1229000,17,0
"842",29,2011," Lattakia",0,0,0,1229000,18,0
"843",30,2011," Lattakia",0,0,0,1229000,19,0
"844",31,2011," Lattakia",0,0,0,1229000,20,0
"845",32,2011," Lattakia",0,0,0,1229000,21,0
"846",33,2011," Lattakia",0,0,0,1229000,22,0
"847",34,2011," Lattakia",0,0,0,1229000,23,0
"848",35,2011," Lattakia",0,0,0,1229000,24,0
"849",36,2011," Lattakia",0,0,0,1229000,25,0
"850",37,2011," Lattakia",0,0,0,1229000,26,0
"851",38,2011," Lattakia",0,0,0,1229000,27,0
"852",39,2011," Lattakia",0,0,0,1229000,28,0
"853",40,2011," Lattakia",0,0,0,1229000,29,0
"854",41,2011," Lattakia",0,0,0,1229000,30,0
"855",42,2011," Lattakia",0,0,0,1229000,31,0
"856",43,2011," Lattakia",0,0,0,1229000,32,0
"857",44,2011," Lattakia",0,0,0,1229000,33,0
"858",45,2011," Lattakia",0,0,0,1229000,34,0
"859",46,2011," Lattakia",0,0,0,1229000,35,0
"860",47,2011," Lattakia",0,0,0,1229000,36,0
"861",48,2011," Lattakia",0,0,0,1229000,37,0
"862",49,2011," Lattakia",0,0,0,1229000,38,0
"863",50,2011," Lattakia",0,0,0,1229000,39,0
"864",51,2011," Lattakia",0,0,0,1229000,40,0
"865",52,2011," Lattakia",0,0,0,1229000,41,0
"866",53,2011," Lattakia",0,0,0,1229000,42,0
"867",1,2012," Lattakia",0,0,0,1229000,43,0
"868",2,2012," Lattakia",0,0,0,1229000,44,0
"869",3,2012," Lattakia",0,0,0,1229000,45,0
"870",4,2012," Lattakia",0,0,0,1229000,46,0
"871",5,2012," Lattakia",0,0,0,1229000,47,0
"872",6,2012," Lattakia",0,0,0,1229000,48,0
"873",7,2012," Lattakia",0,0,0,1229000,49,0
"874",8,2012," Lattakia",0,0,0,1229000,50,0
"875",9,2012," Lattakia",0,0,0,1229000,51,0
"876",10,2012," Lattakia",0,0,0,1229000,52,0
"877",11,2012," Lattakia",0,0,0,1229000,53,0
"878",12,2012," Lattakia",1,9,1,1229000,54,0
"879",13,2012," Lattakia",0,0,0,1229000,55,1
"880",14,2012," Lattakia",0,0,0,1229000,56,0
"881",15,2012," Lattakia",0,0,0,1229000,57,0
"882",16,2012," Lattakia",0,0,0,1229000,58,0
"883",17,2012," Lattakia",0,0,0,1229000,59,0
"884",18,2012," Lattakia",0,0,0,1229000,60,0
"885",19,2012," Lattakia",0,0,0,1229000,61,0
"886",20,2012," Lattakia",0,0,0,1229000,62,0
"887",21,2012," Lattakia",0,0,0,1229000,63,0
"888",22,2012," Lattakia",0,0,0,1229000,64,0
"889",23,2012," Lattakia",1,14,4,1229000,65,0
"890",24,2012," Lattakia",1,20,2,1229000,66,1
"891",25,2012," Lattakia",1,10,2,1229000,67,1
"892",26,2012," Lattakia",0,0,0,1229000,68,1
"893",27,2012," Lattakia",0,0,0,1229000,69,0
"894",28,2012," Lattakia",0,0,0,1229000,70,0
"895",29,2012," Lattakia",0,0,0,1229000,71,0
"896",30,2012," Lattakia",0,0,0,1229000,72,0
"897",31,2012," Lattakia",0,0,0,1229000,73,0
"898",32,2012," Lattakia",0,0,0,1229000,74,0
"899",33,2012," Lattakia",1,13,1,1229000,75,0
"900",34,2012," Lattakia",0,0,0,1229000,76,1
"901",35,2012," Lattakia",2,16,5,1229000,77,0
"902",36,2012," Lattakia",0,0,0,1229000,78,2
"903",37,2012," Lattakia",0,0,0,1229000,79,0
"904",38,2012," Lattakia",1,5,1,1229000,80,0
"905",39,2012," Lattakia",1,3,1,1229000,81,1
"906",40,2012," Lattakia",2,11,4,1229000,82,1
"907",41,2012," Lattakia",2,21,7,1229000,83,2
"908",42,2012," Lattakia",1,13,8,1229000,84,2
"909",43,2012," Lattakia",1,6,1,1229000,85,1
"910",44,2012," Lattakia",0,0,0,1229000,86,1
"911",45,2012," Lattakia",0,0,0,1229000,87,0
"912",46,2012," Lattakia",0,0,0,1229000,88,0
"913",47,2012," Lattakia",1,12,13,1229000,89,0
"914",48,2012," Lattakia",0,0,0,1229000,90,1
"915",12,2011," Quneitra",0,0,0,489000,1,NA
"916",13,2011," Quneitra",0,0,0,489000,2,0
"917",14,2011," Quneitra",0,0,0,489000,3,0
"918",15,2011," Quneitra",0,0,0,489000,4,0
"919",16,2011," Quneitra",0,0,0,489000,5,0
"920",17,2011," Quneitra",0,0,0,489000,6,0
"921",18,2011," Quneitra",0,0,0,489000,7,0
"922",19,2011," Quneitra",0,0,0,489000,8,0
"923",20,2011," Quneitra",0,0,0,489000,9,0
"924",21,2011," Quneitra",0,0,0,489000,10,0
"925",22,2011," Quneitra",0,0,0,489000,11,0
"926",23,2011," Quneitra",0,0,0,489000,12,0
"927",24,2011," Quneitra",0,0,0,489000,13,0
"928",25,2011," Quneitra",0,0,0,489000,14,0
"929",26,2011," Quneitra",0,0,0,489000,15,0
"930",27,2011," Quneitra",0,0,0,489000,16,0
"931",28,2011," Quneitra",0,0,0,489000,17,0
"932",29,2011," Quneitra",0,0,0,489000,18,0
"933",30,2011," Quneitra",0,0,0,489000,19,0
"934",31,2011," Quneitra",0,0,0,489000,20,0
"935",32,2011," Quneitra",0,0,0,489000,21,0
"936",33,2011," Quneitra",0,0,0,489000,22,0
"937",34,2011," Quneitra",0,0,0,489000,23,0
"938",35,2011," Quneitra",0,0,0,489000,24,0
"939",36,2011," Quneitra",0,0,0,489000,25,0
"940",37,2011," Quneitra",0,0,0,489000,26,0
"941",38,2011," Quneitra",0,0,0,489000,27,0
"942",39,2011," Quneitra",0,0,0,489000,28,0
"943",40,2011," Quneitra",0,0,0,489000,29,0
"944",41,2011," Quneitra",0,0,0,489000,30,0
"945",42,2011," Quneitra",0,0,0,489000,31,0
"946",43,2011," Quneitra",0,0,0,489000,32,0
"947",44,2011," Quneitra",0,0,0,489000,33,0
"948",45,2011," Quneitra",0,0,0,489000,34,0
"949",46,2011," Quneitra",0,0,0,489000,35,0
"950",47,2011," Quneitra",0,0,0,489000,36,0
"951",48,2011," Quneitra",0,0,0,489000,37,0
"952",49,2011," Quneitra",0,0,0,489000,38,0
"953",50,2011," Quneitra",0,0,0,489000,39,0
"954",51,2011," Quneitra",0,0,0,489000,40,0
"955",52,2011," Quneitra",0,0,0,489000,41,0
"956",53,2011," Quneitra",0,0,0,489000,42,0
"957",1,2012," Quneitra",0,0,0,489000,43,0
"958",2,2012," Quneitra",0,0,0,489000,44,0
"959",3,2012," Quneitra",0,0,0,489000,45,0
"960",4,2012," Quneitra",0,0,0,489000,46,0
"961",5,2012," Quneitra",0,0,0,489000,47,0
"962",6,2012," Quneitra",0,0,0,489000,48,0
"963",7,2012," Quneitra",0,0,0,489000,49,0
"964",8,2012," Quneitra",0,0,0,489000,50,0
"965",9,2012," Quneitra",0,0,0,489000,51,0
"966",10,2012," Quneitra",0,0,0,489000,52,0
"967",11,2012," Quneitra",0,0,0,489000,53,0
"968",12,2012," Quneitra",0,0,0,489000,54,0
"969",13,2012," Quneitra",0,0,0,489000,55,0
"970",14,2012," Quneitra",0,0,0,489000,56,0
"971",15,2012," Quneitra",0,0,0,489000,57,0
"972",16,2012," Quneitra",0,0,0,489000,58,0
"973",17,2012," Quneitra",0,0,0,489000,59,0
"974",18,2012," Quneitra",0,0,0,489000,60,0
"975",19,2012," Quneitra",0,0,0,489000,61,0
"976",20,2012," Quneitra",0,0,0,489000,62,0
"977",21,2012," Quneitra",0,0,0,489000,63,0
"978",22,2012," Quneitra",0,0,0,489000,64,0
"979",23,2012," Quneitra",0,0,0,489000,65,0
"980",24,2012," Quneitra",0,0,0,489000,66,0
"981",25,2012," Quneitra",0,0,0,489000,67,0
"982",26,2012," Quneitra",0,0,0,489000,68,0
"983",27,2012," Quneitra",0,0,0,489000,69,0
"984",28,2012," Quneitra",0,0,0,489000,70,0
"985",29,2012," Quneitra",0,0,0,489000,71,0
"986",30,2012," Quneitra",0,0,0,489000,72,0
"987",31,2012," Quneitra",0,0,0,489000,73,0
"988",32,2012," Quneitra",0,0,0,489000,74,0
"989",33,2012," Quneitra",0,0,0,489000,75,0
"990",34,2012," Quneitra",0,0,0,489000,76,0
"991",35,2012," Quneitra",0,0,0,489000,77,0
"992",36,2012," Quneitra",0,0,0,489000,78,0
"993",37,2012," Quneitra",0,0,0,489000,79,0
"994",38,2012," Quneitra",0,0,0,489000,80,0
"995",39,2012," Quneitra",0,0,0,489000,81,0
"996",40,2012," Quneitra",0,0,0,489000,82,0
"997",41,2012," Quneitra",0,0,0,489000,83,0
"998",42,2012," Quneitra",0,0,0,489000,84,0
"999",43,2012," Quneitra",0,0,0,489000,85,0
"1000",44,2012," Quneitra",0,0,0,489000,86,0
"1001",45,2012," Quneitra",0,0,0,489000,87,0
"1002",46,2012," Quneitra",2,1,2,489000,88,0
"1003",47,2012," Quneitra",0,0,0,489000,89,2
"1004",48,2012," Quneitra",0,0,0,489000,90,0
"1005",12,2011," Raqqa",0,0,0,1008000,1,NA
"1006",13,2011," Raqqa",0,0,0,1008000,2,0
"1007",14,2011," Raqqa",0,0,0,1008000,3,0
"1008",15,2011," Raqqa",0,0,0,1008000,4,0
"1009",16,2011," Raqqa",0,0,0,1008000,5,0
"1010",17,2011," Raqqa",0,0,0,1008000,6,0
"1011",18,2011," Raqqa",0,0,0,1008000,7,0
"1012",19,2011," Raqqa",0,0,0,1008000,8,0
"1013",20,2011," Raqqa",0,0,0,1008000,9,0
"1014",21,2011," Raqqa",0,0,0,1008000,10,0
"1015",22,2011," Raqqa",0,0,0,1008000,11,0
"1016",23,2011," Raqqa",0,0,0,1008000,12,0
"1017",24,2011," Raqqa",0,0,0,1008000,13,0
"1018",25,2011," Raqqa",0,0,0,1008000,14,0
"1019",26,2011," Raqqa",0,0,0,1008000,15,0
"1020",27,2011," Raqqa",0,0,0,1008000,16,0
"1021",28,2011," Raqqa",0,0,0,1008000,17,0
"1022",29,2011," Raqqa",0,0,0,1008000,18,0
"1023",30,2011," Raqqa",0,0,0,1008000,19,0
"1024",31,2011," Raqqa",0,0,0,1008000,20,0
"1025",32,2011," Raqqa",0,0,0,1008000,21,0
"1026",33,2011," Raqqa",0,0,0,1008000,22,0
"1027",34,2011," Raqqa",0,0,0,1008000,23,0
"1028",35,2011," Raqqa",0,0,0,1008000,24,0
"1029",36,2011," Raqqa",0,0,0,1008000,25,0
"1030",37,2011," Raqqa",0,0,0,1008000,26,0
"1031",38,2011," Raqqa",0,0,0,1008000,27,0
"1032",39,2011," Raqqa",0,0,0,1008000,28,0
"1033",40,2011," Raqqa",0,0,0,1008000,29,0
"1034",41,2011," Raqqa",0,0,0,1008000,30,0
"1035",42,2011," Raqqa",0,0,0,1008000,31,0
"1036",43,2011," Raqqa",0,0,0,1008000,32,0
"1037",44,2011," Raqqa",0,0,0,1008000,33,0
"1038",45,2011," Raqqa",0,0,0,1008000,34,0
"1039",46,2011," Raqqa",0,0,0,1008000,35,0
"1040",47,2011," Raqqa",0,0,0,1008000,36,0
"1041",48,2011," Raqqa",0,0,0,1008000,37,0
"1042",49,2011," Raqqa",0,0,0,1008000,38,0
"1043",50,2011," Raqqa",0,0,0,1008000,39,0
"1044",51,2011," Raqqa",0,0,0,1008000,40,0
"1045",52,2011," Raqqa",0,0,0,1008000,41,0
"1046",53,2011," Raqqa",0,0,0,1008000,42,0
"1047",1,2012," Raqqa",0,0,0,1008000,43,0
"1048",2,2012," Raqqa",0,0,0,1008000,44,0
"1049",3,2012," Raqqa",0,0,0,1008000,45,0
"1050",4,2012," Raqqa",0,0,0,1008000,46,0
"1051",5,2012," Raqqa",0,0,0,1008000,47,0
"1052",6,2012," Raqqa",0,0,0,1008000,48,0
"1053",7,2012," Raqqa",0,0,0,1008000,49,0
"1054",8,2012," Raqqa",0,0,0,1008000,50,0
"1055",9,2012," Raqqa",0,0,0,1008000,51,0
"1056",10,2012," Raqqa",0,0,0,1008000,52,0
"1057",11,2012," Raqqa",0,0,0,1008000,53,0
"1058",12,2012," Raqqa",0,0,0,1008000,54,0
"1059",13,2012," Raqqa",0,0,0,1008000,55,0
"1060",14,2012," Raqqa",0,0,0,1008000,56,0
"1061",15,2012," Raqqa",0,0,0,1008000,57,0
"1062",16,2012," Raqqa",0,0,0,1008000,58,0
"1063",17,2012," Raqqa",0,0,0,1008000,59,0
"1064",18,2012," Raqqa",0,0,0,1008000,60,0
"1065",19,2012," Raqqa",0,0,0,1008000,61,0
"1066",20,2012," Raqqa",0,0,0,1008000,62,0
"1067",21,2012," Raqqa",0,0,0,1008000,63,0
"1068",22,2012," Raqqa",0,0,0,1008000,64,0
"1069",23,2012," Raqqa",0,0,0,1008000,65,0
"1070",24,2012," Raqqa",0,0,0,1008000,66,0
"1071",25,2012," Raqqa",0,0,0,1008000,67,0
"1072",26,2012," Raqqa",0,0,0,1008000,68,0
"1073",27,2012," Raqqa",0,0,0,1008000,69,0
"1074",28,2012," Raqqa",0,0,0,1008000,70,0
"1075",29,2012," Raqqa",0,0,0,1008000,71,0
"1076",30,2012," Raqqa",0,0,0,1008000,72,0
"1077",31,2012," Raqqa",0,0,0,1008000,73,0
"1078",32,2012," Raqqa",0,0,0,1008000,74,0
"1079",33,2012," Raqqa",0,0,0,1008000,75,0
"1080",34,2012," Raqqa",0,0,0,1008000,76,0
"1081",35,2012," Raqqa",0,0,0,1008000,77,0
"1082",36,2012," Raqqa",0,0,0,1008000,78,0
"1083",37,2012," Raqqa",0,0,0,1008000,79,0
"1084",38,2012," Raqqa",0,0,0,1008000,80,0
"1085",39,2012," Raqqa",0,0,0,1008000,81,0
"1086",40,2012," Raqqa",0,0,0,1008000,82,0
"1087",41,2012," Raqqa",0,0,0,1008000,83,0
"1088",42,2012," Raqqa",0,0,0,1008000,84,0
"1089",43,2012," Raqqa",0,0,0,1008000,85,0
"1090",44,2012," Raqqa",0,0,0,1008000,86,0
"1091",45,2012," Raqqa",0,0,0,1008000,87,0
"1092",46,2012," Raqqa",0,0,0,1008000,88,0
"1093",47,2012," Raqqa",0,0,0,1008000,89,0
"1094",48,2012," Raqqa",0,0,0,1008000,90,0
"1095",12,2011," Sweida",0,0,0,486000,1,NA
"1096",13,2011," Sweida",0,0,0,486000,2,0
"1097",14,2011," Sweida",0,0,0,486000,3,0
"1098",15,2011," Sweida",0,0,0,486000,4,0
"1099",16,2011," Sweida",0,0,0,486000,5,0
"1100",17,2011," Sweida",0,0,0,486000,6,0
"1101",18,2011," Sweida",0,0,0,486000,7,0
"1102",19,2011," Sweida",0,0,0,486000,8,0
"1103",20,2011," Sweida",0,0,0,486000,9,0
"1104",21,2011," Sweida",0,0,0,486000,10,0
"1105",22,2011," Sweida",0,0,0,486000,11,0
"1106",23,2011," Sweida",0,0,0,486000,12,0
"1107",24,2011," Sweida",0,0,0,486000,13,0
"1108",25,2011," Sweida",0,0,0,486000,14,0
"1109",26,2011," Sweida",0,0,0,486000,15,0
"1110",27,2011," Sweida",0,0,0,486000,16,0
"1111",28,2011," Sweida",0,0,0,486000,17,0
"1112",29,2011," Sweida",0,0,0,486000,18,0
"1113",30,2011," Sweida",0,0,0,486000,19,0
"1114",31,2011," Sweida",0,0,0,486000,20,0
"1115",32,2011," Sweida",0,0,0,486000,21,0
"1116",33,2011," Sweida",0,0,0,486000,22,0
"1117",34,2011," Sweida",0,0,0,486000,23,0
"1118",35,2011," Sweida",0,0,0,486000,24,0
"1119",36,2011," Sweida",0,0,0,486000,25,0
"1120",37,2011," Sweida",0,0,0,486000,26,0
"1121",38,2011," Sweida",0,0,0,486000,27,0
"1122",39,2011," Sweida",0,0,0,486000,28,0
"1123",40,2011," Sweida",0,0,0,486000,29,0
"1124",41,2011," Sweida",0,0,0,486000,30,0
"1125",42,2011," Sweida",0,0,0,486000,31,0
"1126",43,2011," Sweida",0,0,0,486000,32,0
"1127",44,2011," Sweida",0,0,0,486000,33,0
"1128",45,2011," Sweida",0,0,0,486000,34,0
"1129",46,2011," Sweida",0,0,0,486000,35,0
"1130",47,2011," Sweida",0,0,0,486000,36,0
"1131",48,2011," Sweida",0,0,0,486000,37,0
"1132",49,2011," Sweida",0,0,0,486000,38,0
"1133",50,2011," Sweida",0,0,0,486000,39,0
"1134",51,2011," Sweida",0,0,0,486000,40,0
"1135",52,2011," Sweida",0,0,0,486000,41,0
"1136",53,2011," Sweida",0,0,0,486000,42,0
"1137",1,2012," Sweida",0,0,0,486000,43,0
"1138",2,2012," Sweida",0,0,0,486000,44,0
"1139",3,2012," Sweida",0,0,0,486000,45,0
"1140",4,2012," Sweida",0,0,0,486000,46,0
"1141",5,2012," Sweida",0,0,0,486000,47,0
"1142",6,2012," Sweida",0,0,0,486000,48,0
"1143",7,2012," Sweida",0,0,0,486000,49,0
"1144",8,2012," Sweida",0,0,0,486000,50,0
"1145",9,2012," Sweida",0,0,0,486000,51,0
"1146",10,2012," Sweida",0,0,0,486000,52,0
"1147",11,2012," Sweida",0,0,0,486000,53,0
"1148",12,2012," Sweida",0,0,0,486000,54,0
"1149",13,2012," Sweida",0,0,0,486000,55,0
"1150",14,2012," Sweida",0,0,0,486000,56,0
"1151",15,2012," Sweida",0,0,0,486000,57,0
"1152",16,2012," Sweida",0,0,0,486000,58,0
"1153",17,2012," Sweida",0,0,0,486000,59,0
"1154",18,2012," Sweida",0,0,0,486000,60,0
"1155",19,2012," Sweida",0,0,0,486000,61,0
"1156",20,2012," Sweida",0,0,0,486000,62,0
"1157",21,2012," Sweida",0,0,0,486000,63,0
"1158",22,2012," Sweida",0,0,0,486000,64,0
"1159",23,2012," Sweida",0,0,0,486000,65,0
"1160",24,2012," Sweida",0,0,0,486000,66,0
"1161",25,2012," Sweida",0,0,0,486000,67,0
"1162",26,2012," Sweida",0,0,0,486000,68,0
"1163",27,2012," Sweida",0,0,0,486000,69,0
"1164",28,2012," Sweida",0,0,0,486000,70,0
"1165",29,2012," Sweida",0,0,0,486000,71,0
"1166",30,2012," Sweida",0,0,0,486000,72,0
"1167",31,2012," Sweida",0,0,0,486000,73,0
"1168",32,2012," Sweida",0,0,0,486000,74,0
"1169",33,2012," Sweida",0,0,0,486000,75,0
"1170",34,2012," Sweida",0,0,0,486000,76,0
"1171",35,2012," Sweida",0,0,0,486000,77,0
"1172",36,2012," Sweida",0,0,0,486000,78,0
"1173",37,2012," Sweida",0,0,0,486000,79,0
"1174",38,2012," Sweida",0,0,0,486000,80,0
"1175",39,2012," Sweida",0,0,0,486000,81,0
"1176",40,2012," Sweida",0,0,0,486000,82,0
"1177",41,2012," Sweida",0,0,0,486000,83,0
"1178",42,2012," Sweida",0,0,0,486000,84,0
"1179",43,2012," Sweida",0,0,0,486000,85,0
"1180",44,2012," Sweida",0,0,0,486000,86,0
"1181",45,2012," Sweida",0,0,0,486000,87,0
"1182",46,2012," Sweida",0,0,0,486000,88,0
"1183",47,2012," Sweida",0,0,0,486000,89,0
"1184",48,2012," Sweida",0,0,0,486000,90,0
"1185",12,2011," Tartous",0,0,0,954000,1,NA
"1186",13,2011," Tartous",0,0,0,954000,2,0
"1187",14,2011," Tartous",0,0,0,954000,3,0
"1188",15,2011," Tartous",0,0,0,954000,4,0
"1189",16,2011," Tartous",0,0,0,954000,5,0
"1190",17,2011," Tartous",0,0,0,954000,6,0
"1191",18,2011," Tartous",0,0,0,954000,7,0
"1192",19,2011," Tartous",0,0,0,954000,8,0
"1193",20,2011," Tartous",0,0,0,954000,9,0
"1194",21,2011," Tartous",0,0,0,954000,10,0
"1195",22,2011," Tartous",0,0,0,954000,11,0
"1196",23,2011," Tartous",0,0,0,954000,12,0
"1197",24,2011," Tartous",0,0,0,954000,13,0
"1198",25,2011," Tartous",0,0,0,954000,14,0
"1199",26,2011," Tartous",0,0,0,954000,15,0
"1200",27,2011," Tartous",0,0,0,954000,16,0
"1201",28,2011," Tartous",0,0,0,954000,17,0
"1202",29,2011," Tartous",0,0,0,954000,18,0
"1203",30,2011," Tartous",0,0,0,954000,19,0
"1204",31,2011," Tartous",0,0,0,954000,20,0
"1205",32,2011," Tartous",0,0,0,954000,21,0
"1206",33,2011," Tartous",0,0,0,954000,22,0
"1207",34,2011," Tartous",0,0,0,954000,23,0
"1208",35,2011," Tartous",0,0,0,954000,24,0
"1209",36,2011," Tartous",0,0,0,954000,25,0
"1210",37,2011," Tartous",0,0,0,954000,26,0
"1211",38,2011," Tartous",0,0,0,954000,27,0
"1212",39,2011," Tartous",0,0,0,954000,28,0
"1213",40,2011," Tartous",0,0,0,954000,29,0
"1214",41,2011," Tartous",0,0,0,954000,30,0
"1215",42,2011," Tartous",0,0,0,954000,31,0
"1216",43,2011," Tartous",0,0,0,954000,32,0
"1217",44,2011," Tartous",0,0,0,954000,33,0
"1218",45,2011," Tartous",0,0,0,954000,34,0
"1219",46,2011," Tartous",0,0,0,954000,35,0
"1220",47,2011," Tartous",0,0,0,954000,36,0
"1221",48,2011," Tartous",0,0,0,954000,37,0
"1222",49,2011," Tartous",0,0,0,954000,38,0
"1223",50,2011," Tartous",0,0,0,954000,39,0
"1224",51,2011," Tartous",0,0,0,954000,40,0
"1225",52,2011," Tartous",0,0,0,954000,41,0
"1226",53,2011," Tartous",0,0,0,954000,42,0
"1227",1,2012," Tartous",0,0,0,954000,43,0
"1228",2,2012," Tartous",0,0,0,954000,44,0
"1229",3,2012," Tartous",0,0,0,954000,45,0
"1230",4,2012," Tartous",0,0,0,954000,46,0
"1231",5,2012," Tartous",0,0,0,954000,47,0
"1232",6,2012," Tartous",0,0,0,954000,48,0
"1233",7,2012," Tartous",0,0,0,954000,49,0
"1234",8,2012," Tartous",0,0,0,954000,50,0
"1235",9,2012," Tartous",0,0,0,954000,51,0
"1236",10,2012," Tartous",0,0,0,954000,52,0
"1237",11,2012," Tartous",0,0,0,954000,53,0
"1238",12,2012," Tartous",0,0,0,954000,54,0
"1239",13,2012," Tartous",0,0,0,954000,55,0
"1240",14,2012," Tartous",0,0,0,954000,56,0
"1241",15,2012," Tartous",0,0,0,954000,57,0
"1242",16,2012," Tartous",0,0,0,954000,58,0
"1243",17,2012," Tartous",0,0,0,954000,59,0
"1244",18,2012," Tartous",0,0,0,954000,60,0
"1245",19,2012," Tartous",0,0,0,954000,61,0
"1246",20,2012," Tartous",0,0,0,954000,62,0
"1247",21,2012," Tartous",0,0,0,954000,63,0
"1248",22,2012," Tartous",0,0,0,954000,64,0
"1249",23,2012," Tartous",0,0,0,954000,65,0
"1250",24,2012," Tartous",0,0,0,954000,66,0
"1251",25,2012," Tartous",0,0,0,954000,67,0
"1252",26,2012," Tartous",0,0,0,954000,68,0
"1253",27,2012," Tartous",0,0,0,954000,69,0
"1254",28,2012," Tartous",0,0,0,954000,70,0
"1255",29,2012," Tartous",0,0,0,954000,71,0
"1256",30,2012," Tartous",0,0,0,954000,72,0
"1257",31,2012," Tartous",0,0,0,954000,73,0
"1258",32,2012," Tartous",0,0,0,954000,74,0
"1259",33,2012," Tartous",0,0,0,954000,75,0
"1260",34,2012," Tartous",0,0,0,954000,76,0
"1261",35,2012," Tartous",0,0,0,954000,77,0
"1262",36,2012," Tartous",0,0,0,954000,78,0
"1263",37,2012," Tartous",0,0,0,954000,79,0
"1264",38,2012," Tartous",0,0,0,954000,80,0
"1265",39,2012," Tartous",0,0,0,954000,81,0
"1266",40,2012," Tartous",0,0,0,954000,82,0
"1267",41,2012," Tartous",0,0,0,954000,83,0
"1268",42,2012," Tartous",0,0,0,954000,84,0
"1269",43,2012," Tartous",1,11,1,954000,85,0
"1270",44,2012," Tartous",0,0,0,954000,86,1
"1271",45,2012," Tartous",0,0,0,954000,87,0
"1272",46,2012," Tartous",0,0,0,954000,88,0
"1273",47,2012," Tartous",0,0,0,954000,89,0
"1274",48,2012," Tartous",0,0,0,954000,90,0
